city_clean,city_listing_count
100 89 lower shepard creek road,1
139th ave unit peck,1
15th ave milton,1
177th ave wabasha,1
178th ave wabasha,1
1st saint,1
21 27 tommie lane,1
24 jj rd rd,1
240th saint,2
260th saint,1
3 4 highview dr,1
3 mi southwest of benteen,1
30 31 boardwalk dr,1
480th saint,1
4th saint,1
647th saint wabasha,1
667th saint wabasha,5
68th ave princeton township,1
9th ave willmar,1
aaronsburg,2
abbeville,393
abbot,4
abbotsford,17
abbott,8
abbottstown,44
abby rd,1
abby rd billings,3
abbyville,2
abell,3
abercrombie,5
aberdeen,857
abernathy,29
abie,1
abilene,1087
abingdon,569
abington,138
abiquiu,54
abita springs,91
abrams,45
absarokee,13
absecon,67
absecon highlands,1
acampo,66
access undetermined,1
accident,28
accokeek,108
accomac,21
accord,46
ace,1
acequia,1
achille,5
ackerly,2
ackerman,12
ackley,16
ackworth,5
acme,30
acra,2
acton,370
acushnet,55
acworth,576
ada,351
adah,8
adair,55
adairsville,118
adairville,1
adams,197
adams center,16
adams run,22
adams street,1
adams township,3
adamsburg,5
adamstown,44
adamstown township,7
adamsville,171
addieville,8
addington,1
addis,49
addisleigh park,8
addison,369
addison township,37
addy,18
addyston,1
adel,131
adelaide rd unit,1
adelanto,406
adell,9
adelphi,55
adelphia,1
adena,8
adger,32
adin,13
adirondack,1
adjuntas,2
adkins,42
admire,1
adna,7
adolphus,17
adrian,243
advance,115
aerial acres,4
affton,31
afton,278
agana heights,4
agat,9
agate,10
agawam,184
agency,9
ages brookside,1
agness,2
agnos,1
agoura,9
agoura hills,191
agra,7
agua dulce,114
agua fria,1
aguada,46
aguadilla,47
aguanga,246
aguas buenas,6
aguila,47
aguilar,18
ahoskie,77
ahsahka,6
ahwahnee,26
aibonito,12
aiea,74
aiken,1260
ailey,6
ainsworth,18
airmont,13
airville,18
airway heights,107
aitkin,95
ajo,6
akeley,13
akron,2427
al,1
al 35447,1
alabama,5
alabaster,213
alachua,239
alachua county,1
alameda,373
alamo,261
alamo heights,17
alamogordo,241
alamosa,71
alanson,98
alapaha,2
alaska,1
alba,68
alban,1
albany,1869
albee township,1
albemarle,183
albert city,2
albert hendry rd,1
albert lea,189
alberta,11
alberton,12
albertson,24
albertville,157
albia,53
albin,1
albion,201
alborn,3
albright,12
albrightsville,404
albuquerque,5107
alburgh,22
alburnett,6
alburtis,8
alcalde,11
alcester,1
alco,2
alcoa,42
alcolu,2
alcona,1
alcona township,2
alcova,4
aldan,34
alden,129
alder,6
alder creek,5
alderpoint,18
alderson,44
aldie,248
aldine,2
aldrich,3
aledo,377
alex,4
alexander,168
alexander city,145
alexandria,4086
alexandria bay,22
alexandria township,35
alexis,8
alford,92
alfred,14
alfred station,6
algansee township,1
alger,52
algoa,2
algodones,10
algoma,31
algona,63
algonac,43
algonquin,273
algood,3
alhambra,259
alice,132
aliceville,13
alicia,7
aline,4
aliquippa,177
aliso viejo,288
alkol,2
allaben,1
allagash,1
allamuchy township,50
allardt,19
alledonia,2
allegan,97
allegany,32
alleman,9
allen,521
allen park,18
allen township,3
allendale,111
allenhurst,14
allenport,2
allenspark,7
allenstown,8
allensville,1
allensworth,2
allenton,20
allentown,309
allenwood,7
allerton,6
alleyton,27
alliance,247
alligator,1
alligator point,8
allison,4
allison park,115
allisonia,6
allons,41
allouez,13
alloway,15
allport,2
allred,1
allston,1
allyn,50
alma,270
alma center,7
almena,13
almena township,1
almer township,4
almira,4
almo,14
almond,77
almont,25
almont township,20
almont vlg,1
almyra,1
alna,1
aloha,115
alorton,2
alpaugh,3
alpena,164
alpha,24
alphar,7
alpharetta,895
alpine,499
alpine meadows,8
alpine terlingua,12
alpine township,1
alpine village,1
alread,1
alsea,11
alsip,95
alstead,10
alston,1
alta,49
alta loma,90
alta vista,3
altadena,207
altair,7
altamont,141
altamonte spg,1
altamonte springs,255
altavista,25
altenburg,2
altha,27
altheimer,4
altmar,31
alto,308
alto bonito,1
alto pass,1
alton,630
altona,13
altonah,1
altoona,495
altura,4
alturas,82
altus,161
alum bank,7
alum bridge,4
alum creek,7
alum ridge,1
alva,423
alvada,1
alvarado,178
alvaton,62
alverton,1
alvin,437
alvin t wi,1
alviso,10
alvo,2
alvord,64
alvordton,3
alys beach,40
ama,1
amado,19
amador city,9
amador township,1
amagansett,56
amalga,2
amalia,2
amana,8
amanda,9
amanda park,3
amargosa valley,3
amarillo,870
amasa,5
amawalk,2
amazonia,2
amber,19
amber lake rd,1
amberg,11
amberg t wi,2
amberley,7
amberson,1
ambia,2
ambler,221
amboy,75
ambridge,81
ambrose,2
amelia,28
amelia court house,87
amelia island,35
amenia,38
american canyon,71
american falls,32
american fork,163
americus,98
amery,71
ames,453
amesbury,51
amesville,2
amherst,816
amherst jct,1
amherst junction,1
amherstdale,2
amissville,65
amite,27
amite city,3
amity,93
amity harbor,9
amityville,89
amma,3
ammon,26
amnicon township,2
amoret,1
amory,118
amsterdam,179
amsterdam churchill,1
anacoco,29
anaconda,96
anacortes,223
anadarko,54
anaheim,972
anaheim hills,5
anahola,17
anahuac,78
anamoose,3
anamosa,45
anasco,10
anatone,3
anawalt,1
ancho,13
anchor,3
anchor bay,2
anchor point,56
anchorage,372
ancona,1
ancram,24
ancramdale,3
andale,2
andalusia,158
anderson,1121
anderson island,121
anderson rd,1
anderson township,125
anderson twp,3
andersonville,67
andes,61
andover,552
andreas,2
andrews,381
angel crest ln,1
angel fire,384
angel frie,1
angel ifre,1
angelica,15
angels camp,73
angelus oaks,20
angie,16
angier,73
angle fire,2
angle inlet,11
angleton,497
angola,144
angoon,3
angora,4
anguilla,2
angus,2
angwin,19
aniak,1
animas,2
anita,16
aniwa,4
ankeny,1169
anmoore,1
ann arbor,692
ann saint,1
anna,330
anna maria,61
annabella,6
annada,7
annandale,433
annapolis,783
annawan,5
annetta,2
anniston,310
annona,21
annsville,2
annville,158
anoka,105
ansley,3
anson,53
ansonia,72
ansonville,2
ansted,2
antelope,335
antelope acres,70
anthem,129
anthon,2
anthony,115
antigo,105
antigo54409,2
antimony,1
antioch,1173
antler,1
antlers,52
anton,10
anton chico,1
antonito,15
antreville,1
antrim,13
antrim township,2
antwerp,25
anza,147
apache,11
apache junction,461
apalachicola,93
apalachin,38
apex,192
apison,64
aplington,6
apolacon,1
apollo,79
apollo beach,471
apopka,600
appalachia,9
apple blossom ct lake city,1
apple canyon lake,2
apple creek,13
apple river,65
apple river township,2
apple springs,17
apple springs boulevard sturgis,18
apple springs court sturgis,6
apple valley,1842
appleby,4
applegate,47
appleton,630
appleton city,2
appling,63
appomattox,102
aptos,181
apulia station,1
aquasco,20
aquebogue,30
aquilla,21
aquinnah,3
arab,83
arabi,65
aragon,32
aransas pass,228
arapaho,11
arapahoe,51
ararat,37
arbela,5
arbela township,3
arbo township,1
arboga,20
arboles,8
arbor vitae,28
arbovale,1
arbuckle,14
arbutus,3
arbyrd,1
arcade,47
arcadia,944
arcanum,70
arcanum ithaca,1
arcata,8
arch cape,10
archbald,52
archbold,11
archdale,92
archer,142
archer city,11
archer lodge,5
archie,14
arco,8
arcola,43
ardara,6
arden,278
arden hills,38
ardenvoir,4
ardmore,458
ardsley,13
arecibo,69
arena,23
arenas valley,4
arendtsville,1
arenzville,3
argenta,4
argentine,19
argillite,2
argo,3
argonia,11
argonne,9
argos,7
argusville,1
argyle,302
argyle township,1
ariel,12
arietta,3
arimo,8
aripeka,7
ariton,11
arivaca,30
arizona city,428
ark,2
arkadelphia,39
arkansas city,56
arkansaw,3
arkdale,63
arkoma,3
arkport,7
arkville,4
arland,1
arlee,10
arleta,96
arley,137
arlington,4423
arlington heights,640
arma,7
armada,11
armada township,10
armagh,3
armbrust,3
armington,3
arminto,2
armona,10
armonk,33
armstrong,7
armstrong creek,3
armstrong creek t wi,1
armuchee,16
arnaudville,82
arnegard,38
arnett,4
arnold,530
arnolds park,5
arnoldsburg,3
arnoldsville,22
arnot,1
aroda,12
aroma park,6
aromas,22
arp,39
arpelar,2
arpin,8
arrey,2
arriba,1
arrington,24
arrow bear,2
arrow rock,3
arrowbear lake,41
arrowhead ln,1
arrowhead point rd,1
arrowhead ridge rd,1
arrowsic,1
arrowsmith,8
arroyo,7
arroyo city,5
arroyo grande,137
arroyo hondo,25
arroyo seco,39
art,1
artemas,4
artemus,3
artesia,207
artesia wells,1
arthur,23
arthur city,15
arthurdale,7
artois,1
arundel,21
arvada,473
arverne,28
arverne by the sea,1
arvilla,1
arvin,18
arvon township,3
arvonia,26
ary,4
asan,13
asbury,8
asbury park,107
ash,25
ash flat,32
ash fork,228
ash grove,21
ash township,6
ashburn,889
ashburnham,45
ashby,58
ashcamp,3
ashdown,39
asheboro,269
asher,16
asherton,2
asheville,979
ashfield,10
ashford,76
ashkum,8
ashland,1249
ashland city,86
ashland t wi,1
ashley,40
ashmore,1
ashtabula,298
ashton,73
ashville,159
ashwaubenon,59
ashwood,5
askov,2
asotin,33
aspen,147
aspen highlands 2nd addn elk mountain,1
aspen hill,1
aspermont,9
aspers,19
assaria,5
assawoman,1
assumption,5
astatula,31
aston,111
astor,52
astoria,323
atalissa,3
atascadero,150
atascocita,18
atascosa,20
atchison,42
atco,82
atglen,24
athelstane,14
athena,14
athens,1589
athens township,3
athens village,1
atherton,56
athol,223
atkins,64
atkinson,55
atlanta,7267
atlanta township,1
atlantic,70
atlantic beach,222
atlantic city,416
atlantic highlands,36
atlantique,2
atlantis,16
atlas,20
atlasburg,1
atmore,156
atoka,92
atolia,1
atomic city,2
atqasuk,1
attalla,24
attapulgus,7
attica,123
attleboro,232
atwater,297
atwood,45
au gres,112
au sable,2
au sable forks,21
au train,17
auberry,31
aubrey,397
auburn,2400
auburn hills,27
auburn township,3
auburn unincorp,1
auburndale,369
auburntown,4
audubon,129
augusta,1652
aulander,23
ault,92
aumsville,20
aurelia,4
aurelius township,1
aurora,2896
aurora t wi,2
ausable,3
austell,269
austerlitz,35
austin,2236
austinburg,15
austintown,128
austinville,54
austonio,2
austwell,8
autauga county,1
autaugaville,9
automba township,2
autryville,22
auxier,3
auxvasse,26
ava,91
avalon,123
avalon manor,5
avant,1
ave maria,131
avella,20
avenal,34
avenel,68
aventura,826
avenue,9
avenue m galveston,1
avera,4
averill,1
averill park,3
avery,22
avila beach,28
avilla,12
avinger,55
avis,4
aviston,6
avoca,65
avon,777
avon by the sea,9
avon lake,85
avon park,384
avondale,457
avondale est,4
avondale estates,83
avonmore,9
awendaw,31
axis,12
axtell,43
axton,31
ayden,92
aydlett,28
ayer,52
aylett,190
aynor,101
ayrshire,4
azalea,13
azalea ave,1
azle,278
aztec,294
azusa,232
babb,26
babbitt,32
babcock,1
babcock ranch,21
babson park,42
babylon,67
bachman grade rd oreana,1
back bay,3
back country,1
backus,33
bacliff,76
baconton,8
bacova,3
bad axe,15
baden,69
badger,8
badin,6
badin lake,27
bagdad,54
baggs,4
bagley,24
bagwell,4
bahama,9
bailey,101
baileys harbor,37
baileyton,3
baileyville,7
bainbridge,242
bainbridge island,223
bainville,7
baird,24
bairoil,1
baiting hollow,28
baker,165
baker city,101
bakerhill,1
bakersfield,1801
bakerstown,2
bakersville,99
bal harbour,169
bala cynwyd,37
balaton,59
balch springs,89
bald cypress dr village mills,1
bald eagle trl crosslake,1
bald head island,126
bald knob,24
bald point,5
baldwin,390
baldwin city,18
baldwin dr mchenry,1
baldwin harbor,7
baldwin hills,9
baldwin lake,6
baldwin park,186
baldwin township,2
baldwin vlg,1
baldwinneptune beach,1
baldwinsville,209
baldwyn,38
balko,2
ball,30
ball ground,245
ballantine,2
ballard,21
ballardsville,1
ballico,4
ballinger,20
ballston lake,162
ballston spa,145
ballwin,472
bally,4
balmorhea,1
balsam,8
balsam grove,8
balsam lake,30
balta,1
baltic,21
baltimore,7176
balzola,1
bamberg,28
bancroft,23
bancroft township,1
bancroft vlg,1
bandera,316
bandon,118
bandy,3
baneberry,42
bangall,1
bangor,204
bangs,31
banks,44
banks township,1
banner,18
banner elk,359
banner saint,1
banning,224
bannister,4
bannockburn,7
banquete,2
bar harbor,29
bar nunn,2
baraboo,165
baraga,8
barataria,11
barbeau,7
barberry street fountain,1
barberton,277
barboursville,116
barbourville,47
barceloneta,9
barclay,6
barco,9
bardolph,1
bardonia,5
bardstown,173
bardwell,17
barefoot bay,51
bargersville,37
barhamsville,6
baring plt,3
bark river,8
barker,17
barkers creek,2
barkhamsted,21
barksdale,1
barling,17
barlow,2
barnard,7
barnardsville,16
barnegat,199
barnegat light,14
barnegat township,5
barnes,14
barnesville,200
barnet,8
barnett,29
barneveld,42
barney,4
barnhart,91
barnsdall,10
barnstable,130
barnstead,28
barnum,13
barnwell,57
baroda,7
barrackville,11
barranquitas,4
barre,89
barren springs,12
barrett,2
barrett township,3
barrigada,26
barrington,331
barrington hills,79
barron,12
barronett,1
barrow,1
barry,12
barryton,24
barryton vlg,1
barrytown,1
barryville,11
barstow,399
barstow heights,1
bartlesville,469
bartlett,456
bartlett township,1
bartley,1
barto,15
barton,30
barton city,11
barton hills,1
bartonsville,15
bartonville,54
bartow,224
basalt,67
bascom,17
basehor,105
basile,9
basin,16
baskerville,8
baskin,1
basking ridge,2
basom,3
bass lake,28
bass lake township,2
bass rd,1
bass river,2
bassett,74
bassfield,5
bastian,5
bastrop,336
basye,120
bat cave,1
batavia,422
batavia township,88
batchelor,1
batchtown,2
bates,9
bates city,25
bates township,5
batesburg,16
batesville,232
bath,260
bath beach,2
bath springs,35
bath village,3
baton rouge,1643
batson,6
battery park,1
battiest,2
battle creek,390
battle ground,422
battle lake,17
battle mountain,103
battleboro,25
battlefield,37
battlement mesa,8
battletown,7
baudette,47
bauxite,13
baxley,55
baxter,306
baxter county road 128,1
baxter springs,38
bay,10
bay center,4
bay city,461
bay club dr lot 34,1
bay club dr seadrift,11
bay de noc township,4
bay harbor,48
bay harbor islands,158
bay head,12
bay minette,164
bay point,127
bay port,2
bay saint louis,493
bay shore,123
bay springs,10
bay village,65
bayamon,145
bayamón,3
bayard,32
bayboro,14
bayfield,146
bayonet point,10
bayonne,125
bayou blue,1
bayou l'ourse,2
bayou la batre,18
bayou pigeon,1
bayou vista,24
bayport,57
bayside,537
bayside country estates brule,1
bayside south,3
baytown,1407
bayview,39
bayville,186
bazetta,2
beach,15
beach city,51
beach haven,31
beach haven west,11
beach lake,33
beach park,81
beachwood,126
beacon,164
beacon falls,24
beal city,1
bealeton,82
beallsville,11
beals,10
beaman,1
bean station,84
bear,225
bear creek,36
bear creek township,1
bear grass,1
bear lake,50
bear lake rd,1
bear lake township,1
bear river city,4
bear valley,7
bear valley springs,2
bearcreek,2
bearden,5
beardsley,4
beardstown,29
bearsville,9
beartooth loop spearfish,13
beasley,43
beason,2
beatrice,82
beattie,1
beatty,34
beatty township,5
beattyville,35
beaufort,1007
beaumont,1174
beauregard,2
beauty,3
beaux arts,1
beaver,228
beaver bay,4
beaver city,4
beaver cove,3
beaver creek,197
beaver crossing,3
beaver dam,222
beaver dams,11
beaver falls,216
beaver island,81
beaver meadows,5
beaver rd,1
beaver springs,4
beavercreek,208
beavercreek township,33
beaverdale,4
beaverdam,58
beaverton,1172
beavertown,4
beaverville,4
beccaria,2
bechtelsville,29
bechtold rd corcoran,1
beckemeyer,4
becker,61
becket,101
beckley,143
beckville,5
beckwourth,12
bed stuy,43
beddington,1
bedford,991
bedford corners,9
bedford heights,58
bedford hills,8
bedford park,2
bedias,52
bedminster,1
bedminster twp,95
bedrock,1
bedrock dr harrison,2
bedstuy,2
bedstuy brooklyn,1
bee,3
bee branch,22
bee cave,11
bee spring,6
beebe,80
beech bluff,15
beech bottom,2
beech creek,10
beech grove,35
beech island,129
beech mountain,241
beech mountain lakes,1
beecher,83
beecher city,1
beechgrove,28
beechhurst,83
beechmont,3
beekmantown,3
beemer,2
beersheba springs,12
beesleys point,3
beeson,1
beeville,81
beggs,46
bejou,1
bel air,571
bel aire,76
bel alton,12
bel nor,3
bel ridge,1
belcamp,63
belcher,2
belchertown,138
belden,75
beldenville,1
belding,26
belen,368
belews creek,28
belfair,133
belfast,40
belfast township,1
belfield,13
belford,23
belfry,32
belgium,18
belgrade,204
belhaven,115
belington,40
belk,1
bell,114
bell buckle,23
bell canyon,34
bell city,7
bell gardens,37
bella villa,1
bella vista,1774
bellaire,476
bellaire vlg,1
bellbrook,34
belle,37
belle center,35
belle chasse,88
belle fourche,96
belle glade,32
belle harbor,13
belle haven,25
belle isle,44
belle mead,14
belle plaine,143
belle rive,2
belle rose,4
belle terre,9
belle vernon,91
belleair,75
belleair beach,27
belleair bluffs,36
belleair shores,1
bellefontaine,148
bellefontaine nghbrs,4
bellefonte,154
bellemont,31
belleplain,1
bellerose,92
bellerose manor,3
bellerose village,1
belleview,362
belleville,657
bellevue,1173
bellflower,176
bellingham,1010
bellmawr,61
bellmead,9
bellmont,2
bellmore,83
bellport,40
bellport village,6
bells,46
bellview,1
bellville,180
bellvue,24
bellwood,98
belmar,45
belmond,6
belmont,683
beloit,374
belpre,56
belsano,4
belspring,4
belt,15
belton,577
beltrami,2
beltsville,152
belvedere,24
belvedere tiburon,3
belvidere,341
belvidere township,1
belview,3
belville,8
belvue,3
belzoni,10
bement,11
bemidji,273
bemus point,23
ben arnold,6
ben franklin,2
ben hur,1
ben lomond,42
ben wheeler,43
bena,1
benavides,3
benbow,6
benbrook,193
bend,882
bendersville,4
benedict,4
benedicta,3
benezette,4
bengal,1
benge,2
benham,2
benicia,138
benjamin,5
benkelman,5
benld,17
bennet,2
bennett,82
bennettsville,91
bennington,171
bennington township,1
bensalem,165
bensenville,43
benson,307
bent,3
bent mountain,40
bentley,46
bentley springs,2
bentleyville,18
benton,954
benton city,145
benton harbor,180
benton ridge,1
benton township,6
bentonia,5
bentonville,642
benwood,7
benzonia,22
beowawe,1
berea,287
beresford,13
bergen,10
bergen township,1
bergenfield,44
berger,8
bergheim,2
bergholz,11
bergland,11
bergman,2
bergton,5
berino,2
berkeley,618
berkeley heights,1
berkeley heights twp,79
berkeley lake,12
berkeley springs,211
berkeley township,2
berkey,3
berkley,77
berkshire,25
berlin,592
berlin boro,1
berlin center,14
berlin heights,10
berlin township,38
bermuda dunes,50
bermuda run,49
bernal,2
bernalillo,50
bernard,1
bernardo,13
bernards twp,191
bernardston,21
bernardsville,84
berne,38
bernhards bay,6
bernice,13
bernie,12
bernville,38
beroun,1
berrien center,17
berrien springs,46
berry,60
berry creek,86
berry summit,2
berrysburg,2
berryton,18
berryville,180
bertha,6
berthold,1
berthoud,218
bertram,80
bertrand,2
berwick,89
berwind,2
berwyn,360
berwyn heights,12
beryl,64
beryl junction,7
bessemer,474
bessemer city,104
bessie,2
bethalto,109
bethania,1
bethany,228
bethany beach,104
bethel,257
bethel heights,2
bethel island,42
bethel park,160
bethel springs,15
bethel township,9
bethelridge,5
bethesda,671
bethlehem,580
bethlehem township,23
bethpage,119
bethune,11
betsy layne,3
bettendorf,212
betterton,6
bettie,3
bettsville,3
beulah,118
beulah valley,1
beulaville,66
beverly,237
beverly beach,10
beverly hills,883
beverly hills post office,11
beverly hills vlg,4
beverly shores,18
bevier,3
bevil oaks,2
bevinsville,2
bexar co,2
bexley,14
beyer,3
bible grove,1
bickleton,5
bickleton hwy,1
bickmore,1
bicknell,11
biddeford,29
bidwell,10
bieber,5
bienville,1
big arm,29
big bar,7
big bay,3
big bear,156
big bear city,182
big bear lake,271
big bend,31
big bend valley terlingua ranch,3
big cabin,23
big canoe,170
big clifty,5
big coppitt,36
big cove tannery,2
big creek,1
big creek township,1
big falls,2
big flat,1
big flats,21
big fork,1
big horn,5
big hungry rd,1
big indian,6
big island,14
big lake,168
big lake township,1
big moose,1
big moose township,1
big oak flat,6
big otter,1
big pine,16
big pine key,60
big piney,13
big pool,5
big prairie,7
big prairie township,1
big rapids,168
big river,30
big rock,24
big run,3
big sandy,137
big sky,277
big sky estates hagerman,21
big spring,186
big springs,4
big stone city,21
big stone gap,39
big sur,14
big sur coast,1
big timber,38
big torch,1
big water,14
big wells,4
bigelow,17
bigfoot,17
bigfork,199
biggers,2
biggs,16
biggsville,7
bigler,1
biglerville,46
billerica,234
billings,808
billings township,1
billingsley,5
biloxi,487
biltmore forest,4
biltmore lake,13
bim,1
bimble,1
binder,6
bingen,5
binger,10
bingham,6
bingham canyon,1
bingham farms,2
bingham farms vlg,1
bingham lake,5
binghamton,362
biola,3
birch bay,6
birch drive,1
birch run,36
birch tree,13
birchdale,3
birchleaf,1
birchrunville,2
birchwood,139
birchwood village,6
bird city,3
bird in hand,3
bird island,11
birds landing,3
birdsboro,80
birdseye,6
birdsnest,3
birkenfeld,14
birmingham,2681
birnam wood lane belle fourche,1
birnam wood ln belle fourche,1
birnamwood,13
biron,33
bisbee,100
biscayne park,28
biscoe,15
bishop,106
bishopville,53
bismarck,629
bison,5
bitely,14
bivalve,4
bivins,18
biwabik,36
bixby,438
blachly,1
black,6
black bear trl brainerd,1
black brook,12
black butte,7
black butte ranch,9
black canyon city,31
black creek,27
black diamond,161
black diamond dr walsenburg,1
black eagle,5
black earth,40
black forest,1
black hawk,34
black jack,37
black lake,7
black lake ocate,1
black mountain,232
black oak,1
black river,52
black river falls,50
black rock,9
blackberry dr fairbanks,1
blackduck,16
blackey,1
blackfoot,71
blackhawk,18
blacklick,89
blackman township,1
blacksburg,301
blackshear,68
blackstock,5
blackstone,127
blacksville,1
blackville,14
blackwater,3
blackwell,48
blackwood,169
blackwood terrace,1
bladen,1
bladenboro,26
bladensburg,20
blades,5
blain,2
blaine,941
blaine county,54
blair,77
blairs,13
blairs mills,3
blairsburg,3
blairsden,12
blairsden graeagle,1
blairstown,54
blairsville,903
blakely,38
blakely island,2
blakesburg,5
blakeslee,131
blanca,52
blanch,10
blanchard,483
blanchard township,2
blanchardville,18
blanchester,23
blanco,225
bland,42
blandford,18
blanding,16
blandinsville,6
blandon,43
blaney park,1
blanket,25
blanks,2
blasdell,37
blauvelt,5
bledsoe,5
bleecker,3
bleiblerville,2
blenheim,14
blessing,25
blevins,2
bliss,25
bliss pointe vermillion,6
blissfield,21
block island,48
blocker,1
blocksburg,7
blockton,4
blodgett,2
blomkest,2
bloomburg,11
bloomdale,3
bloomer,15
bloomery,2
bloomfield,638
bloomfield hills,50
bloomfield township,124
blooming grove,25
blooming prairie,18
bloomingburg,25
bloomingdale,311
bloomingrose,1
bloomington,1861
bloomington springs,13
bloomsburg,82
bloomsbury,12
bloomsdale,11
bloomville,6
blossburg,14
blossom,42
blossvale,30
blount springs,6
blounts creek,34
blountstown,19
blountsville,45
blountville,61
blowing rock,265
bloxom,20
blue,3
blue anchor,1
blue ash,47
blue bell,116
blue canyon,1
blue creek,5
blue earth,35
blue eye,55
blue grass,74
blue hill,26
blue island,74
blue jay,6
blue lake,5
blue lake township,1
blue mound,15
blue mounds,12
blue mountain,10
blue mountain lake,6
blue point,26
blue rapids,6
blue ridge,484
blue ridge summit,9
blue river,25
blue rock,7
blue springs,266
bluebell,3
bluebonnet dr,1
bluefield,96
bluegrove,1
bluejacket,3
bluemont,29
bluewater,2
bluewater lake north,1
bluewater lake south,2
bluewater village,1
bluewell,1
bluff,5
bluff city,39
bluff dale,63
bluff point,1
bluffdale,56
bluffs,1
bluffton,1375
bluford,7
blum,28
blunt,2
bly,15
blythe,199
blythedale,1
blytheville,72
blythewood,94
boalsburg,21
boardman,251
boaz,60
bob white ln,1
boca grande,67
boca raton,1775
bock,1
bodcaw,1
bode,2
bodega,1
bodega bay,22
bodfish,37
boerne,488
bogalusa,76
bogard,1
bogart,89
bogata,22
boggstown,1
bogota,18
bogue,5
bogue chitto,31
bogus brook township,2
bohannon,4
bohemia,35
boiceville,8
boiling spring lakes,137
boiling springs,442
bois blanc,35
bois blanc township,1
bois d arc,3
boise,1553
boissevain,1
bokchito,12
bokeelia,195
bokoshe,9
boles,6
boley,15
boligee,2
bolinas,11
boling,22
bolingbroke,4
bolingbrook,389
bolivar,217
bolivar peninsula,1
bolivia,470
bolt,2
bolton,63
bolton landing,74
bombay,3
bombay beach,1
bomont,2
bon air,1
bon aqua,27
bon secour,9
bon wier,7
bonaire,199
bonanza,71
bonaparte,9
boncarbo,12
bond,1
bondin township,1
bonduel,21
bondurant,228
bondville,2
bonesteel,1
bonfield,4
bong saint wonder lake,1
bonham,239
bonifay,91
bonita,63
bonita springs,989
bonne terre,160
bonneau,23
bonner,6
bonner springs,29
bonnerdale,26
bonners ferry,113
bonney lake,610
bonnie,4
bonnieville,8
bonnots mill,3
bono,20
bonsall,76
booker,5
boomer,42
boon,2
boone,598
boones mill,66
boonesville,1
booneville,166
boonsboro,80
boonton,42
boonton township,33
boonville,163
boothbay,18
boothbay harbor,11
boothville,1
boothwyn,40
boqueron,1
borden,15
bordentown,64
borger,40
boring,51
boron,61
borrego springs,201
boscawen,9
boscobel,38
bosler,1
bosque,13
bosque farms,44
boss,2
bossier city,629
bostic,67
boston,3620
boston heights,4
bostwick,3
boswell,41
bothell,859
bothwell,1
botkinburg,1
botkins,5
bottineau,43
bouckville,1
boulder,793
boulder city,74
boulder creek,145
boulder junction,12
boulevard,35
bound brook,63
bountiful,106
bourbon,40
bourbonnais,164
bourg,6
bourne,105
bournedale,3
bouse,65
bouton,2
boutte,6
bovey,23
bovill,4
bovina,2
bovina center,12
bow,30
bow mar,2
bowbells,5
bowden,1
bowdoin,1
bowdoinham,7
bowdon,85
bowen,2
bowerbank,2
bowerston,9
bowersville,20
bowersville vlg,1
bowie,689
bowlegs,5
bowler,4
bowling green,707
bowlus,4
bowman,48
bowmanstown,18
bowmansville,6
box elder,93
box springs,17
boxborough,68
boxford,48
boxholm,1
boxley,1
boy river,6
boyce,75
boyceville,9
boyd,93
boyd county,1
boyd mountain rd,1
boyden,2
boyds,58
boydsville,2
boydton,74
boyers,4
boyertown,66
boykins,4
boyle,6
boylston,29
boyne city,63
boyne falls,23
boynton,11
boynton beach,1261
bozeman,614
bozeman dr spearfish,13
bozman,10
bozrah,8
braceville,12
bracey,118
brackenridge,20
brackettville,53
brackney,10
bradburn branch rd,1
bradbury,18
braddock,29
braddyville,4
bradenton,1726
bradenton beach,42
bradenville,2
bradford,127
bradford pa,3
bradford township,3
bradfordsville,5
bradfordwoods,11
bradley,159
bradley beach,21
bradleyville,3
bradner,5
bradshaw,1
brady,90
bradyville,14
bragg,1
bragg city,2
braggs,12
braham,21
braidwood,69
brainard,1
brainerd,289
braintree,167
braithwaite,9
braman,3
brambleton,141
brampton,6
branch,22
branchburg,6
branchburg township,82
branchland,7
branchport,5
branchville,22
brandenburg,90
brandon,1144
brandsville,1
brandy station,11
brandywine,151
branford,206
branscomb,3
branson,634
branson west,143
brant,8
brantingham,7
brantley,11
brantwood,6
braselton,176
brashear,27
brasher falls,22
brasstown,107
braswell,15
bratenahl,33
brattleboro,29
bratton township,3
brawley,43
braxton,10
braymer,4
brayton,4
brazeau,1
brazil,73
brazoria,120
brazos country,4
brazos lodge estates chama,1
brazos meadows chama,1
brea,207
breaux bridge,223
breckenridge,283
breckenridge hills,3
brecksville,98
breda,3
breeding,1
breedsville,2
breen township,3
breese,16
breesport,2
breeze drive,1
breezewood,8
breezy point,91
breezy point dr,2
breinigsville,31
breitung township,6
bremen,241
bremerton,952
bremo bluff,11
bremond,43
brenda,2
brenham,379
brent,11
brenton,2
brentwood,925
brethren,11
brevard,383
brevort,2
brewer,24
brewerton,35
brewster,274
brewton,97
brian head,55
briarcliff,3
briarcliff manor,25
briarwood,125
brice,1
bricelyn,5
briceville,2
brick,454
brick township,6
bridge city,67
bridge creek,1
bridgehampton,80
bridgeland,1
bridgeport,894
bridger,17
bridgeton,321
bridgeview,48
bridgeville,292
bridgewater,183
bridgewater township,1
bridgewater twp,205
bridgman,31
bridgton,28
bridport,5
brielle,31
brier,27
brierfield,2
brigantine,150
brigantine city,1
briggs,19
briggsdale,15
briggsville,9
brigham city,41
bright,1
brighton,480
brighton beach,1
brighton township,42
brightwaters,7
brightwood,15
brilliant,18
brillion,45
brimfield,55
brimley,3
brimley bay mills,9
brimson,13
bringhurst,3
brinkhaven,3
brinkley,15
brinklow,2
brinktown,2
brinnon,40
brinson,3
briny breezes,12
brisbane,38
brisbin,1
briscoe,4
bristol,968
bristolville,14
bristow,260
britt,35
brittneys pl alexandria,4
britton,15
brittons neck,1
brixey,2
broad channel,17
broad run,25
broadablin,1
broadalbin,53
broadalbin village,7
broaddus,63
broadlands,78
broadview,39
broadview heights,113
broadwater,2
broadway,130
brock,14
brockport,79
brockton,498
brockway,13
brockway township,1
brockwell,1
brocton,10
brodhead,83
brodheadsville,11
brodnax,18
brogan,1
brogue,8
brohard,2
brohman,2
broken arrow,1191
broken bow,349
bromley,11
bronson,178
bronston,35
bronte,7
bronwood,1
bronx,1688
bronxville,133
brook,2
brook park,78
brookdale,16
brookeland,295
brooker,25
brookesmith,18
brookeville,94
brookfield,553
brookhaven,642
brookhaven hamlet,3
brookings,390
brookland,52
brooklawn,14
brooklet,66
brooklin,15
brookline,308
brooklyn,6172
brooklyn center,187
brooklyn heights,9
brooklyn ny 11220,1
brooklyn park,496
brookneal,33
brookport,10
brooks,59
brooks loop spearfish,6
brookshire,308
brookside,9
brookside village,11
brookston,14
brooksville,1188
brookton,2
brooktondale,15
brookville,179
brookwood,28
broomall,105
broome,12
broomes island,4
broomfield,316
brooten,8
broseley,2
brothers,4
broughton,1
broussard,216
browerville,37
brown city,16
brown deer,85
brown rd,1
browndale,8
brownfield,21
browning,13
brownington,5
browns,1
browns mills,171
browns summit,104
browns valley,63
brownsboro,49
brownsburg,156
brownsdale,7
brownstone cir harlingen,2
brownstown,30
brownstown township,58
brownsville,624
brownton,6
browntown,13
brownville,50
brownwood,319
broxton,2
bruce,40
bruce crossing,1
bruce township,61
bruceton,17
bruceton mills,65
bruceville,4
bruceville eddy,14
bruening second addition decorah,1
bruin,4
bruington,9
brule,18
brumley,5
brundidge,26
bruneau,5
bruner,7
bruni,4
bruning,3
bruno,7
brunson,4
brunsville,1
brunswick,737
brunswick hills,17
brush,58
brush creek,6
brush prairie,103
brushcreek township,7
brushton,19
brusly,25
brussels,12
brutus,4
bryan,800
bryans mill,2
bryans road,78
bryant,89
bryantown,17
bryce,2
bryce woodlands est un 6f duck creek village,1
bryce woodlands est un 6f unit duck creek village,1
bryceville,48
bryn mawr,104
bryon,1
bryson,5
bryson city,314
buchanan,187
buchanan dam,36
buchtel,1
buck hill falls,8
buck lake park rd,1
buck township,1
buckboard circle belle fourche,1
buckeye,1412
buckeye lake,10
buckeye road,1
buckeye township,1
buckfield,7
buckhannon,136
buckhead,57
buckhead ridge,4
buckholts,17
buckhorn,7
buckingham,45
buckingham courthouse,1
buckland,18
buckley,301
bucklin,11
buckner,8
bucks lake,5
buckskin,1
buckskin township,2
bucksport,24
bucoda,11
bucyrus,66
bud,1
buda,133
budaghers,4
budd lake,1
bude,3
bueche,1
buellton,11
buena,18
buena park,244
buena vista,173
buena vista acres questa,1
buena vista township,5
buffalo,2434
buffalo bridge road,1
buffalo center,4
buffalo city,5
buffalo gap,11
buffalo grove,400
buffalo junction,65
buffalo lake,15
buffalo mills,3
buffalo prairie,1
buffalo township,3
buffalo valley,22
buford,435
buhl,94
buhler,23
bulan,2
bulger,2
bull shoals,104
bull valley,23
bullard,443
bullhead,1
bullhead city,1266
bullitt,1
bullock,13
bulls gap,11
bullville,1
bulpitt,2
bulter,14
bulverde,268
bumpass,190
bumpus mills,12
buna,56
bunceton,3
bunch,7
buncombe,2
bunker,13
bunker hill,186
bunker hill township,2
bunker hill village,27
bunkerville,4
bunkie,26
bunn,3
bunnell,233
bunnlevel,27
buras,42
burbank,522
burdett,16
burdette,1
bureau,2
burfordville,6
burgaw,91
burgess,28
burgettstown,69
burghill,2
burgin,3
burgoon,3
burien,222
burkburnett,27
burke,352
burkes garden,1
burkesville,181
burkett,9
burkeville,61
burleigh,2
burleson,579
burley,85
burlingame,136
burlingham,6
burlington,1734
burlington city,1
burlington flats,3
burlington jct,2
burlington junction,2
burlington township,20
burlison,7
burna,2
burnet,122
burnett,4
burnettown,1
burney,15
burneyville,20
burnham,45
burnhamville township,1
burns,101
burns flat,8
burns harbor,4
burns township,4
burnside,96
burnside township,3
burnsville,753
burnt cabins,1
burnt hills,4
burnt ranch,6
burnt tree ln polson,1
burnwell,1
burr hill,2
burr oak,8
burr ridge,154
burrillville,139
burrton,5
burson,14
burt,31
burtchville,4
burtchville township,9
burton,193
burtonsville,73
burtrum,11
burwell,17
bush,51
bushkill,318
bushland,10
bushnell,149
bushton,1
bushwick,1
bushwood,18
bushwood hills reserve greenfield,1
bussey,3
busy,2
butler,585
butler county,3
butler township,9
butlerville,1
butman township,3
butner,2
butte,361
butte city,1
butte des morts,3
butte falls,2
butte larose,1
butte meadows,2
butte valley,12
butterfield,5
butternut,31
butternuts,19
buttonwillow,22
buxton,36
buyck,8
buzzards bay,28
byars,9
bybee,19
byers,28
byesville,41
byhalia,85
bynum,8
byram,69
byram township,56
byrd creek road,1
byrd township,3
byrdstown,112
byrnedale,2
byrnes mill,19
byromville,1
byron,381
byron center,160
byron vlg,2
bz corner,1
ca,1
caballo,11
cabazon,82
cabery,17
cabin creek,3
cabin john,14
cabins,5
cable,39
cabo rojo,90
cabool,17
cabot,284
cache,29
caddo,22
caddo gap,7
caddo mills,84
caddo valley,1
cade,4
cades,4
cadet,32
cadillac,370
cadiz,205
cadott,15
cadwell,13
cady,2
cadyville,12
caesarcreek township,3
caesarscreek township,1
caguas,95
cahokia,104
cahone,12
cainhoy,1
cainsville,4
cairnbrook,8
cairo,197
cajahs mountain,1
cal nev ari,1
calabasas,256
calabash,521
calais,31
calamus,7
calcium,2
calcutta,6
calder,2
caldwell,1221
caldwell boro township,23
caledonia,237
calera,214
calexico,46
calhan,130
calhoun,441
calhoun city,6
calhoun falls,24
caliche,3
calico rock,38
caliente,108
calif city,28
califon,17
california,251
california city,854
california hot springs,19
california valley,16
calimesa,125
calimesa trl,1
calion,3
calipatria,7
calistoga,71
callahan,128
callahan rd,1
callands,10
callao,21
callawassie island,5
callaway,93
callensburg,2
callicoon,12
callicoon center,3
callisburg,1
calmar,1
calpine,5
calumet,17
calumet city,235
calumet park,35
calvary,1
calvert,40
calvert city,47
calverton,35
calverton park,2
calvin,4
camak,2
camanche,10
camano island,167
camargo,7
camarillo,475
camas,324
camas valley,10
cambria,155
cambria heights,36
cambridge,1193
cambridge city,16
cambridge springs,27
cambridge township,6
cambridge village,4
camby,153
camden,777
camden on gauley,4
camden point,1
camden wyoming,100
camdenton,273
cameron,402
cameron park,191
camilla,19
camillus,92
camino,59
camino durango laredo,1
camp,1
camp 5 township,1
camp connell,28
camp creek,1
camp crook,1
camp douglas,13
camp grove,1
camp hill,182
camp meeker,5
camp nelson,11
camp nokomis rd,1
camp point,5
camp sherman,9
camp springs,1
camp verde,115
camp wood,19
campbell,427
campbell hall,22
campbell hill,3
campbellsburg,21
campbellsport,76
campbellsville,120
campbellton,3
campbelltown,2
campo,53
campo seco,6
campobello,90
campti,7
campton,70
campton hills,19
camptonville,13
camuy,19
cana,21
canaan,106
canada,3
canadensis,35
canadian,45
canadian lakes,99
canadohta lake,4
canajoharie,33
canajoharie village,5
canal fulton,136
canal point,4
canal winchester,154
canandaigua,140
canarsie,4
canaseraga,5
canastota,95
canby,241
candia,1
candler,213
cando,5
candor,36
candy kitchen,2
cane ridge,6
caneadea,10
canehill,7
caney,33
caney city,7
caneyville,9
canfield,203
canisteo,15
canistota,3
canjilon,6
cankton,11
canmer,2
cannelburg,1
cannelton,14
cannon,3
cannon beach,36
cannon falls,63
cannonsburg road at lakinview,1
cannonville,1
canoga park,201
canon,28
canon city,207
canoncito,2
canonsburg,298
canosia,1
canosia township,1
canova,2
canovanas,36
canterbury,36
cantil,22
canton,3204
canton township,8
cantonment,270
cantrall,2
cantril,7
cantua creek,4
cantwell,1
canute,10
canutillo,28
canvas,2
canyon,172
canyon city,24
canyon country,578
canyon creek,8
canyon lake,674
canyon trl unit cloudcroft,1
canyondam,2
canyonville,20
capac,9
capac vlg,3
capay,8
cape canaveral,217
cape carteret,66
cape charles,183
cape coral,6002
cape elizabeth,5
cape fair,101
cape girardeau,556
cape haze,1
cape may,90
cape may beach,9
cape may court house,153
cape may point,8
cape meares,2
cape san blas,66
cape vincent,33
capitan,34
capitol heights,275
capitol hill rd,1
capitola,61
caplen,2
capon bridge,46
capon springs,1
capron,21
capt cook,1
captain cook,103
captiva,41
capulin,13
caputa,3
caratunk,1
caraway,4
carbon,22
carbon cliff,21
carbon hill,22
carbonado,7
carbondale,458
cardale,2
cardiff,11
cardiff by the sea,33
cardinal,1
cardinal cove,1
cardington,24
cardwell,12
carefree,83
carencro,112
caret,8
carey,53
careywood,6
caribou,39
carl junction,63
carle place,7
carleton,33
carleton vlg,2
carlile,1
carlin,16
carlinville,56
carlisle,648
carlock,24
carlos,14
carlotta,10
carlsbad,1090
carlstadt,10
carlton,98
carlton landing,29
carlyle,27
carlyss,4
carman,1
carmel,615
carmel by the sea,5
carmel hamlet,1
carmel valley,106
carmen,4
carmi,64
carmichael,428
carmichaels,21
carmine,16
carnation,67
carnegie,113
carnelian bay,10
carnesville,35
carney,18
carneys point,40
caro,45
caroga,13
caroga lake,11
carol stream,243
carolina,189
carolina beach,225
carolina shores,180
caroline,3
carp lake,9
carpenter,25
carpentersville,229
carpinteria,48
carpio,5
carr,30
carrabassett valley,14
carrabelle,258
carrboro,15
carrie,1
carrier,4
carrier mills,8
carriere,167
carries creek dr bulverde,1
carrigan,1
carrington,11
carrizo springs,37
carrizozo,40
carroll,117
carroll plt,3
carrolls,1
carrollton,1377
carrolltown,6
carrollwood,1
carrolton township,1
carrsville,7
carrying place town township,3
carson,432
carson city,667
carsonville,7
carta valley,1
cartago,2
carter,16
carter lake,10
carteret,111
cartersburg,1
cartersville,467
carterville,74
carthage,606
cartwright,8
caruthers,13
caruthersville,4
carvel beach,4
carver,224
carversville,4
cary,461
cary plt,3
caryville,74
casa,4
casa grande,1389
casanova,5
casar,3
cascade,210
cascade locks,14
cascade township,1
cascilla,2
casco,60
casco township,2
caseville,91
casey,18
caseyville,183
cash,2
cashiers,213
cashion,30
cashmere,35
cashton,3
casmalia,1
caspar,1
casper,188
caspian,8
cass,5
cass city,23
cass lake,38
cassadaga,11
cassatt,8
cassel,2
casselberry,142
casselton,36
cassoday,1
cassopolis,42
casstown,5
cassville,82
castaic,189
castalia,48
castalian springs,27
castella,4
castile,8
castine,10
castle,5
castle creek,4
castle dale,13
castle hayne,108
castle hill,5
castle hills,8
castle mountain ln,1
castle mountain white sulphur springs,1
castle pines,75
castle rock,653
castle valley,5
castleberry,7
castleford,2
castleton,67
castleton on hudson,34
castlewood,14
castor,5
castorland,6
castro valley,312
castroville,83
caswell,3
caswell beach,3
caswell county,1
cat spring,32
cataldo,12
catalina,8
catano,11
catasauqua,15
cataula,60
cataumet,12
catawba,106
catawissa,91
catesby,2
cathance township,9
catharpin,3
cathedral city,514
cathedral cty,16
catherine,2
catheys valley,24
cathlamet,35
catlett,36
catlettsburg,99
catlin,25
cato,18
caton town,2
catonsville,114
catoosa,66
catskill,108
catskill village,1
cattaraugus,21
caulfield,5
causey,2
cavalier,6
cave city,54
cave creek,336
cave in rock,4
cave junction,159
cave spring,29
cave springs,74
cavendish,15
cavetown,1
cavour,1
cawker city,2
cawood,1
cayce,16
cayey,33
cayo costa,13
cayucos,66
cayuga,20
cayuta,9
cazadero,18
cazenovia,87
cebolla,3
cecil,53
cecilia,29
cecilton,9
cedar,44
cedar berry dr spearfish,3
cedar berry drive spearfish,3
cedar bluff,147
cedar bluffs,2
cedar city,417
cedar creek,49
cedar crest,36
cedar falls,130
cedar fort,2
cedar glen,67
cedar grove,134
cedar hill,368
cedar hills,16
cedar island,8
cedar key,93
cedar lake,136
cedar lake township,10
cedar lane,14
cedar mountain,13
cedar park,123
cedar point,46
cedar rapids,657
cedar river,7
cedar slope,1
cedar springs,91
cedar vale,1
cedar valley,2
cedarbluff,4
cedarburg,58
cedarcreek,6
cedaredge,57
cedarhurst,30
cedarpines park,107
cedart,2
cedartown,164
cedarville,85
cedarwood,1
ceiba,15
celebration,201
celeste,103
celestine,3
celina,581
celo,1
celoron,1
cement,7
cement city,30
centenary,1
centennial,237
center,69
center city,23
center cross,23
center hill,25
center island,4
center junction,1
center line,14
center moriches,60
center point,171
center ridge,6
center township,1
center valley,16
centerburg,23
centereach,114
centerfield,8
centerpoint,3
centerport,36
centerton,426
centertown,10
centerview,22
centerville,597
centrahoma,1
central,128
central bridge,2
central city,120
central falls,52
central islip,91
central lake,33
central point,150
central square,39
central valley,8
centralia,330
centre,103
centre hall,35
centre island,11
centreville,641
centuria,12
century,25
ceredo,6
ceres,177
ceresco,13
cerrillos,48
cerritos,132
cerro,7
cerro gordo,14
cerulean,1
ceylon,1
chacon,2
chadbourn,40
chadds ford,89
chadron,3
chadwick,13
chadwicks,3
chaffee,38
chagrin falls,229
chalet cir,1
chalfant valley,2
chalfont,163
chalkhill,3
challenge,7
challis,14
chalmers,2
chalmette,208
chama,88
chama dulce,1
chamberlain,3
chambers,12
chambers island,2
chambersburg,496
chambl,1
chamblee,78
chamisal,4
chamita,3
chamois,4
champaign,605
champion,48
champions gate,70
champions gt,3
championsgate,2
champlain,25
champlin,175
chana,8
chance,3
chancellor,6
chandler,2088
chandlersville,16
chandlerville,3
chanhassen,169
channahon,96
channelview,136
channing,1
chantilly,366
chanute,100
chaparral,41
chaparral ln corcoran,1
chapel hill,280
chapelle,2
chapin,114
chaplin,18
chapman,36
chapmansboro,16
chapmanville,22
chappaqua,14
chappell,8
chappell hill,52
chappells,5
chaptico,10
chardon,109
chariton,64
charlack,1
charlemont,11
charleroi,51
charles city,82
charles town,309
charleston,1329
charlestown,201
charlestown township,1
charlevoix,82
charlo,8
charlotte,7093
charlotte court house,10
charlotte hall,51
charlottesville,1150
charlotteville,1
charlton,87
charlton heights,4
charmco,5
charter oak,6
chase,9
chase city,53
chase mills,2
chaseburg,1
chaska,170
chassell,6
chateaugay,19
chatfield,28
chatham,340
chatham township,117
chatham village,1
chatom,6
chatsworth,596
chattahoochee,30
chattahoochee hills,75
chattanooga,1043
chattaroy,72
chaumont,17
chauncey,4
chautauqua,27
chauvin,25
chaves,1
chavies,7
chazy,20
chebanse,7
chebeague island,4
cheboygan,182
check,15
checotah,84
cheektowaga,535
chehalis,189
chelan,164
chelan falls,2
chelmsford,183
chelsea,449
cheltenham,50
chelyan,1
chemult,4
chemung,11
chenango bridge,1
chenango forks,8
chenega bay,1
cheney,344
cheneyville,2
chenoa,26
cheraw,61
cheriton,5
cherokee,84
cherokee first cherokee village,1
cherokee ridge,4
cherokee village,177
cherry,8
cherry creek,18
cherry creek nevada,1
cherry grove,10
cherry hill,327
cherry hill township,1
cherry hills village,12
cherry log,68
cherry plain,1
cherry tree,6
cherry valley,124
cherryfield,5
cherryvale,29
cherryville,122
chert saint,1
chesaning,20
chesaning vlg,1
chesapeake,398
chesapeake beach,116
chesapeake city,37
cheshire,171
chesilhurst,3
chesnee,143
chester,1298
chester gap,13
chester heights,4
chester springs,126
chester township,64
chester twp,5
chesterbrook,35
chesterfield,1334
chesterfield township,55
chesterhill,7
chesterland,56
chesterton,72
chestertown,163
chesterville,7
chestnut,2
chestnut hill cove,4
chestnut mound,2
chestnut ridge,4
chestnut stephenville,1
chestnuthill township,9
cheswick,46
cheswold,2
chetek,102
chetopa,12
cheverly,30
cheviot,28
chevy chase,256
chewelah,70
cheyenne,599
cheyenne wells,9
cheyney,4
chicago,18218
chicago heights,103
chicago ridge,70
chichester,10
chickadee ct red wing,1
chickaloon,12
chickamauga,73
chickamaw beach,1
chickasaw,16
chickasha,208
chicken,1
chico,696
chicog township,3
chicopee,309
chicora,25
chidester,6
chiefland,120
chilcoot,7
childersburg,58
childress,8
childs,1
childwold,4
chilhowee,5
chilhowie,77
chili,11
chillicothe,267
chilmark,10
chilo,1
chiloquin,139
chilton,67
chimacum,7
chimayo,18
chimney rock,15
china,32
china grove,68
china spring,36
china township,1
chincoteague,62
chincoteague island,1
chinese camp,4
chiniak,1
chino,360
chino hills,345
chino valley,251
chinook,14
chinquapin,12
chipley,491
chippewa falls,141
chippewa lake,14
chippewa township,4
chireno,6
chisago city,54
chisago lake,6
chisholm,33
chitina,3
chittenango,96
chittenden,2
chloe,2
chloride,16
chocolay township,8
chocowinity,90
choctaw,321
choctaw first cherokee village,1
chokio,2
chokoloskee,19
cholame,2
chopin,1
choteau,25
choudrant,11
chouteau,29
chowchilla,139
chrisman,5
chrisney,3
christensen saint rapelje,1
christiana,63
christiansburg,244
christiansted,436
christine,10
christmas,58
christmas mountains terlingua ranch,1
christmas valley,100
christopher,7
christopher ct jerseyville,3
christoval,13
chromo,20
chualar,1
chubbuck,64
chuckey,57
chugiak,42
chugwater,6
chula,1
chula vista,1272
chuluota,47
chunchula,42
chunky,3
chupadero,3
church creek,13
church hill,137
church point,73
church road,20
church view,3
church wells,4
churchill,3
churchill township,3
churchton,40
churchville,97
churdan,3
churubusco,17
ciales,13
cibolo,281
cicero,330
cidra,29
cima,1
cimarron,48
cincinnati,1202
cincinnatus,24
cinebar,9
cinnaminson,73
circle,4
circle pines,49
circleville,78
cisco,71
cisne,5
cissna park,17
cistern,3
citadel rock rd fort payne,1
citra,141
citronelle,62
citrus heights,717
citrus springs,1411
city by the sea,3
city heights,1
city lights blvd fairbanks,5
city line,2
city of,1
city of orange township,103
city terrace,23
clackamas,116
claflin,8
clagstone,3
claiborne,3
claire city,4
clairemont mesa,6
clairfield,4
clairton,115
clallam bay,1
clam falls,1
clam gulch,18
clam lake,3
clancy,50
clanton,227
clara city,8
clare,36
clare new haven,1
claremont,291
claremore,377
clarence,127
clarence center,47
clarendon,39
clarendon hills,89
claridge,4
clarinda,44
clarington,13
clarion,61
clarissa,4
clark,121
clark bench,1
clark fork,23
clark mills,3
clark township,14
clarkdale,144
clarke county,1
clarkesville,325
clarkfield,7
clarkia,2
clarklake,17
clarkrange,18
clarkridge,16
clarks,5
clarks green,7
clarks grove,6
clarks hill,12
clarks summit,135
clarksboro,21
clarksburg,457
clarksdale,20
clarkson,61
clarkston,250
clarksville,1572
clarkton,17
clarskville,1
claryville,2
clatskanie,48
claude,9
claudville,9
claverack,53
clawson,16
claxton,57
clay,122
clay center,67
clay city,57
clay springs,11
clay township,18
claycomo,1
claymont,121
claypool,12
claysburg,18
claysville,22
clayton,1040
clayton township,18
claytonville,1
clayville,7
cle elum,164
clear,2
clear brook,33
clear creek,5
clear creek parkway cheyenne,2
clear lake,142
clear lake shores,28
clear spring,37
clearbrook,7
clearcreek township,64
clearfield,142
clearlake,291
clearlake oaks,119
clearmont,4
clearville,14
clearwater,2108
clearwater beach,44
clearwater rd baxter,1
cleburne,482
cleghorn,1
clementon,96
clements,21
clemmons,311
clemons,2
clemson,68
clemville,3
clendenin,17
cleo springs,4
cleona,10
cleora,4
clermont,1110
clet harvey road,1
cleveland,5856
cleveland heights,487
clever,27
cleves,6
clewiston,240
cliff,5
clifford,3
clifford township,15
clifford vlg,1
cliffside park,96
cliffwood,11
cliffwood beach,6
clifton,687
clifton forge,55
clifton heights,69
clifton park,265
clifton springs,17
clifton township,47
clifton vlg,1
climax,19
climax springs,65
clinchco,4
clint,48
clinton,1857
clinton corners,42
clinton township,240
clinton village,1
clintondale,8
clintonville,54
clintwood,19
clio,149
clipper mills,12
clitherall,9
clive,128
clopton,2
cloquet,74
closter,21
cloudcroft,93
cloudland,8
cloudy,2
cloughs bay rd,1
cloutierville,2
clover,328
cloverdale,143
cloverland,2
cloverport,11
clovis,559
club view court sturgis,1
clubb,3
clute,71
clutier,6
clyde,340
clyde hill,23
clyde park,12
clyde township,11
clydesdale ct longview,2
clyman,2
clymer,24
clyo,18
co,1
coachella,40
coahoma,16
coal center,14
coal city,49
coal creek,4
coal grove,6
coal hill,16
coal township,30
coal valley,33
coaldale,14
coalgate,31
coaling,2
coalinga,49
coalmont,19
coalport,2
coalton,6
coalville,43
coamo,17
coarsegold,173
coatesville,442
coatopa,1
coats,17
coatsburg,1
cobb,107
cobb island,15
cobbs creek,27
cobbtown,7
cobden,13
cobleskill,69
cobleskill village,1
cobsy,3
coburg,8
cochecton,20
cochise,85
cochiti,1
cochiti lake,10
cochran,76
cochranton,30
cochranville,60
cockeysville,126
cockrell hill,6
cocoa,877
cocoa beach,311
cocolalla,19
coconut creek,351
coconut grove,41
coden,26
cody,124
coeburn,38
coeur d alene,13
coeur d'alene,385
coeymans,38
coeymans hollow,1
coffee creek,4
coffee springs,18
coffeen,6
coffeeville,9
coffeyville,138
coffman cove,23
cofield,4
cogan station,6
coggon,8
cohagen,2
cohasset,77
cohoctah,4
cohocton,6
cohoes,140
cohutta,105
coila,4
coin,3
coinjock,19
coitsville,1
cokato,38
cokeburg,9
coker,43
coker creek,1
cokeville,7
colbert,113
colburn township,1
colby,52
colby cir hoyt lakes,1
colby circle hoyt lakes,1
colchester,113
colcord,26
cold brook,22
cold creek,5
cold spg hbr,13
cold spring,211
cold spring hrbr,1
cold springs,3
colden,18
coldiron,1
coldspring,248
coldwater,167
cole camp,21
colebrook,37
coleharbor,4
coleman,167
coleman falls,1
colerain,49
colerain township,183
coleraine,39
coleridge,9
coles point,7
colesville,4
coleton copperas cove,1
coleville,11
colfax,369
colfax county moreno valley,1
colfax township,2
colgate,23
collbran,23
college corner,1
college dr brainerd,2
college grove,40
college heights columbus,2
college park,241
college place,55
college point,99
college saint,1
college station,605
collegedale,6
collegeport,1
collegeville,184
collettsville,28
colleyville,195
colliers,13
collierville,242
collingdale,22
collingswood,53
collins,80
collinston,11
collinsville,500
collinwood,5
collinwood township,1
collyer,1
colma,5
colman,2
colmar,13
colmesneil,32
colo,8
cologne,32
coloma,92
colon,17
colona,54
colonia,87
colonial beach,264
colonial heights,225
colonie,473
colonie village,7
colony,6
colora,10
colorado city,204
colorado city lake,4
colorado springs,1307
colp,5
colquitt,6
colrain,9
colstrip,4
colt,6
colter saint billings,3
colton,345
coltons point,7
colts neck,64
colu,2
columbia,2320
columbia city,128
columbia cross roads,5
columbia falls,277
columbia heights,128
columbia station,102
columbia township,25
columbiana,165
columbiaville,21
columbine valley,4
columbus,3079
columbus city,3
columbus grove,5
columbus junction,9
columbus township,3
columbus townships,1
colusa,52
colver,3
colville,125
colwich,2
comanche,154
combes,5
combine,21
combined locks,11
combs,6
comer,53
comerio,6
comfort,47
comfrey,1
comins,8
commack,94
commanche gap rd,1
commerce,374
commerce city,346
commerce township,59
commercial point,82
commercial pt,3
commiskey,2
commodore,2
como,112
comptche,9
compton,391
comstock,14
comstock park,25
concan,15
concepcion,4
conception,1
conch,2
conchas dam,12
concho,259
concho valley,17
conconully,1
concord,1580
concord township,7
concordia,72
concow,10
concrete,59
condado,2
condon,18
conehatta,1
conestoga,15
conesus,11
conesville,27
conetoe,1
conewango valley,1
confluence,9
conger,2
congers,8
congerville,2
congress,88
conifer,50
conifer ln henderson,3
conklin,14
conley,49
conneaut,150
conneaut lake,56
conneautville,8
connell,22
connellsville,79
connelly springs,203
conner,11
connersville,68
connerville,2
connoquenessing,1
connor township,1
conover,188
conowingo,33
conrad,87
conrath,3
conroe,3199
conroy,1
conshohocken,118
constable,11
constableville,16
constantia,27
constantine,9
continental,7
converse,626
convoy,7
conway,1458
conway springs,4
conyers,544
conyngham,7
cook,57
cook station,4
cooke city,1
cookeville,587
cooksburg,4
cookson,109
cookstown,5
cooksville,11
cookville,9
cool,73
cool ridge,2
cool valley,1
coolbaugh township,5
cooleemee,17
coolidge,487
coolin,5
coolville,11
coon rapids,338
coon valley,8
cooper,50
cooper city,85
cooper landing,1
cooper lane est iii texarkana,2
coopersburg,68
cooperstown,70
coopersville,28
coos bay,239
coosada,5
coosawhatchie,1
cooter,2
copake,52
copake falls,4
copalis beach,24
copalis crossing,2
copan,13
cope,8
copeland,3
copemish,12
copen,1
copenhagen,19
copiague,61
coplay,9
copley,102
coplin plt,2
coppell,207
copper canyon,18
copper center,7
copper hill,32
copper mountain,21
copperas cove,575
copperhill,28
copperopolis,193
copperton,2
coquille,40
cora,5
coral,4
coral gables,545
coral springs,501
coralville,323
coram,171
coraopolis,265
corapeake,9
corbett,17
corbin,319
corbin city,4
corcoran,171
cordele,121
cordell,61
corder,3
cordes lakes,8
cordesville,1
cordova,184
core,2
corfu,21
corinna,2
corinne,9
corinth,342
corinth village,5
corn,9
cornelia,84
cornelius,389
cornell,19
cornersville,18
cornettsville,4
corning,361
cornish,10
cornucopia,11
cornville,102
cornwall,44
cornwall on hudson,2
cornwallville,1
corolla,256
corona,1320
corona de tucson,17
corona del mar,165
coronado,170
corozal,15
corporate,1
corpus christi,2529
corral de tierra,2
corrales,110
corralitos,10
correctionville,9
corrigan,122
corriganville,10
corry,60
corryton,84
corsica,2
corsicana,346
corson,1
corte madera,51
cortez,220
cortland,397
cortlandt manor,41
cortlandville,1
corunna,31
corvallis,275
corwin vlg,1
cory,1
corydon,61
cos cob,43
cosby,126
coshocton,112
cosmopolis,25
cosmos,4
cost,2
costa mesa,364
costilla,18
cotati,31
coto de caza,108
cotopaxi,80
cottage city,2
cottage grove,660
cottage hills,16
cottageville,33
cottekill,3
cotter,23
cottleville,17
cotton,6
cotton bayou dr orange beach,1
cotton center,2
cotton plant,1
cotton valley,4
cottondale,109
cottonport,15
cottontown,35
cottonwood,445
cottonwood falls,5
cottonwood heights,42
cottonwood shores,29
cottrellville,1
cotuit,45
cotulla,12
couch,9
couchton,1
couderay,3
coudersport,41
cougar,45
coulee city,22
coulee dam,16
coulterville,47
counce,107
council,49
council bluffs,272
council grove,24
council hill,4
country club,5
country club hills,87
country lake acres greenfield,1
country view new york mills,6
countryside,36
county line,8
county los angeles,17
county of san diego,1
county road 13 2 critchfield hollow rd,1
county road 133c,3
county road 138 garrison,1
county road 1475 north,1
county road 172,1
county road 217 county county road,1
county road 380 centre,3
county road 435,1
county road 99 sauk centre,3
county road connerly rd,1
coupeville,87
coupland,15
courtenay,1
courtland,47
courtney,2
coushatta,13
cove,76
cove city,11
cove neck,1
covelo,42
coventry,414
coventry township,28
covered wagon court sturgis,1
covered wagon ct sturgis,1
covert,16
covesville,10
covina,323
covington,2045
covington mill,2
covington township,30
cowan,8
cowan heights,2
cowansville,1
coward,6
cowarts,18
cowden,3
cowdrey,1
cowen,7
coweta,158
cowgill,4
cowlesville,6
cowley,1
cowlington,1
cowpens,72
coxs creek,50
coxs mills,1
coxsackie,79
coxsackie village,4
coy,2
coyle,34
coyote,6
coyote flats,2
cozad,17
cozahome,12
cr,2
crab orchard,66
crabtree,3
craddockville,1
craftsbury,6
cragford,1
cragsmoor,6
craig,147
craig cay,1
craigmont,9
craigsville,23
crainville,7
cramerton,43
cranberry,4
cranberry isles,5
cranberry lake,8
cranberry township,238
cranberry twp,14
cranbury,35
crandall,92
crandon,34
crane,48
crane hill,165
crane island,1
crane lake,5
cranesville,8
cranfills gap,7
cranford,98
cranston,595
crapo,7
crary,1
craryville,13
crawford,113
crawfordsville,95
crawfordville,329
crawley,13
creal springs,24
cream ridge,40
credit river,3
credit river township,2
creede,23
creedmoor,34
creekside,4
creekside at cross timber ranch garden valley,1
creighton,11
crenshaw,4
creola,41
cresaptown,23
crescent,90
crescent city,276
crescent lake,24
crescent mills,6
crescent park,1
crescent springs,50
crescent valley,13
cresco,97
cressey,4
cresskill,35
cresson,36
cressona,10
crest hill,108
crest park,3
crested butte,121
crestline,408
creston,202
crestone,68
crestview,509
crestview hills,27
crestwood,137
creswell,54
crete,85
creve coeur,83
crewe,32
criders,7
cridersville,18
crimora,13
cripple creek,62
crisfield,106
crittenden,38
critz,1
crivitz,79
crocheron,1
crocker,42
crockett,243
crockett co,1
crofton,218
croghan,17
cromberg,5
crompond,3
cromwell,106
crook,3
crooked creek rd,1
crooks,10
crookston,50
crooksville,27
cropsey,1
cropseyville,1
cropwell,52
crosby,529
crosby township,9
crosbyton,5
cross,20
cross anchor,1
cross city,47
cross creek,1
cross fork,2
cross hill,46
cross junction,96
cross lake township,1
cross lanes,47
cross plains,141
cross river,3
cross timbers,8
crossett,28
crosslake,39
crossnore,3
crossroads,33
crossville,1197
crosswicks,3
croswell,33
crothersville,7
croton,3
croton falls,1
croton on hudson,28
crouch,1
crouse,27
crowder,11
crowell,7
crowheart,1
crowley,358
crowley lake,14
crown,6
crown city,7
crown heights,24
crown king,22
crown point,321
crownsville,81
crows landing,3
croydon,53
crozet,195
crozier,14
crucible,6
cruger,1
crum,1
crum lynne,10
crump,12
crumpler,61
crumpton,8
crystal,180
crystal bay,13
crystal beach,476
crystal city,52
crystal falls,29
crystal hill,4
crystal lake,562
crystal lake township,8
crystal lakes,2
crystal river,599
crystal spring,1
crystal springs,34
cth f,1
cub run,16
cuba,161
cuba city,14
cubero,1
cuchara,14
cudahy,129
cuddebackville,5
cuddy,1
cudjoe key,74
cuero,69
cuervo,1
culbertson,6
culdesac,7
culebra,10
cullen,5
culleoka,19
cullman,378
culloden,34
cullom,10
cullowhee,218
culp creek,1
culpeper,431
culver,61
culver city,298
cumberland,734
cumberland city,10
cumberland furnace,18
cumberland gap,23
cumbola,2
cumby,29
cummaquid,4
cumming,1268
cummings,2
cummington,12
cundiyo,1
cuney,5
cunningham,21
cupertino,217
curlew,12
curoe rd,1
curran,7
currie,26
currituck,25
curryville,8
curtice,13
curtis,21
curtis bay,5
curtiss,1
curwensville,13
cushing,157
cusick,54
cusseta,19
custar,4
custer,164
custer city,5
custer park,8
cut,1
cut bank,25
cut off,29
cutchogue,35
cuthbert,2
cutler,18
cutler bay,348
cutten,8
cutter,2
cutter ln sandpoint,1
cuyahoga falls,472
cuyahoga heights,2
cuyama,11
cuyler,2
cuyuna,2
cygnet,28
cylinder,2
cylon,3
cynthiana,35
cypremort point,12
cypress,1873
cypress hills,1
cypress inn,1
cypress mill,1
cyril,19
cyrus,4
d east whetstone addn pb a 46 1 2 high springs,1
d hanis,4
d lo,1
d'iberville,98
dacono,50
dacula,337
dade city,427
dadeville,123
dafter,6
daggett,39
daggett brook township,8
dagsboro,83
dahinda,52
dahlgren,5
dahlon,3
dahlonega,290
dailey,1
daingerfield,50
dairyland,3
daisetta,10
daisy,1
daisytown,3
dakota,5
dakota city,15
dakota dunes,25
dalbo,4
dale,71
daleville,81
dallas,8569
dallas center,27
dallas city,7
dallas plt,17
dallastown,52
dallesport,15
dalmatia,6
dalton,544
dalton city,2
dalton gardens,7
dalworthington gardens,20
daly city,346
dalzell,99
damar,4
damariscotta,4
damascus,285
dameron,9
damiansville,1
dammeron valley,10
damon,39
dana,5
dana point,275
danbury,394
danby,14
danciger,2
dandridge,322
dane,63
danese,4
danevang,2
danforth,14
dania,3
dania beach,164
daniel,13
daniel island,7
daniels,246
danielsville,49
dannebrog,1
dannemora,15
dansville,59
dante,2
danube,5
danvers,146
danville,1264
daphne,478
darby,145
dardanelle,106
darden,3
dardenne prairie,94
dare,4
darfur,2
darien,291
darien center,5
darlington,272
darmstadt,1
darnestown,34
darrington,15
darrouzett,3
darrow,26
dartmouth,125
darwin,9
dassel,33
dataw island,38
dateland,34
datil,63
dauberville,1
daufuskie island,126
dauphin,38
dauphin island,50
davant,1
davenport,2775
davenport reduced price,1
davey,2
david,1
david city,6
davidson,133
davidsonville,50
davidsville,3
davie,405
daviess co,4
davis,492
davis city,6
davis creek,8
davis junction,18
davis park,1
davisboro,12
davisburg,3
davison,162
daviston,2
davisville,15
davy,1
dawn,3
dawson,96
dawson springs,12
dawsonville,265
day,9
dayhoit,2
days creek,2
dayton,2127
dayton lakes,2
dayton township,3
daytona beach,670
daytona beach shores,127
dayville,5
dazey,4
de beque,20
de berry,15
de borgia,6
de graff,26
de lancey,1
de land,8
de leon,69
de leon springs,51
de mossville,16
de pere,425
de peyster,3
de queen,27
de smet,12
de soto,405
de tour,1
de tour village,7
de valls bluff,1
dead lake township,1
deadwood,23
deal,8
deal island,29
deale,26
dean,2
deansboro,9
dearborn,123
dearborn heights,85
dearing,22
deary,16
deatsville,104
deaver,1
debary,207
decatur,2103
decatur city,3
decatur county,2
decatur island,13
decaturville,44
decherd,15
decker,2
deckerville,9
declo,11
decorah,65
decordova,14
dededo,45
dedham,160
deep gap,68
deep river,34
deep river township,1
deep run,30
deephaven,18
deepwater,22
deer,8
deer creek,22
deer grove,7
deer island,17
deer isle,19
deer lake unorg terr,1
deer lodge,91
deer meadows,24
deer park,626
deer river,49
deer trail,45
deer valley,5
deerbrook,15
deerfield,350
deerfield beach,604
deerfield township,102
deerhead,1
deering,4
deersville,1
deerton,2
deerwood,38
deeth,10
deferiet,5
defiance,174
deford,5
deforest,312
defuniak springs,257
dekalb,347
dekalb junction,9
del city,227
del haven,20
del loma,1
del mar,109
del norte,30
del rey,3
del rey oaks,17
del rio,498
del sur,25
del valle,58
delafield,42
delancey,1
delanco,47
deland,793
delano,216
delanson,17
delaplaine,4
delaplane,17
delavan,188
delaware,327
delaware city,28
delaware township,1
delaware water gap,6
delbarton,5
delcambre,7
delco,7
delevan,22
delhi,111
delhi township,66
delight,6
dell,4
dell city,6
dell rapids,35
delleker,4
dellrose,2
dellroy,15
dellwood,8
delmar,154
delmita,1
delmont,41
deloit,1
delong,1
delphi,9
delphos,20
delran,73
delray,14
delray beach,1472
delta,207
delta junction,82
delta township,1
deltaville,63
delton,19
deltona,852
demarest,22
deming,314
demopolis,31
demorest,75
demotte,44
denair,47
denbo,2
dendron,5
denham springs,467
denhoff,1
denison,402
denmark,52
denmark township,7
dennard,6
denning,1
dennis,126
dennis port,67
dennis township,1
dennison,48
denniston,2
dennisville,6
dennysville,3
dent,10
denton,835
denton township,4
denver,2897
denver city,19
denville,136
depauville,1
depauw,4
depew,208
depoe bay,64
deport,8
deposit,46
deptford,42
deptford township,1
depue,3
deputy,4
dequincy,76
derby,300
deridder,222
derma,1
dermott,4
derrick city,2
derry,77
deruyter,10
derwood,70
des allemands,19
des arc,8
des lacs,1
des moines,2478
des montes,1
des peres,13
des plaines,600
descanso,28
desdemona,2
desert center,20
desert hills,4
desert hot springs,727
desert lake,1
desert shores,2
desha saint,1
deshler,8
desloge,46
desmet,7
desoto,335
destin,541
destiny ln,1
destrehan,32
detour,2
detroit,2121
detroit lakes,109
devalls bluff stuttgart,1
devens,8
devers,18
deville,45
devils elbow,2
devils lake,48
devils nest crofton,1
devils tower,1
devine,70
devol,1
devon,46
devonshire,5
devore heights,25
dew,13
dewar,5
dewberry saint,1
dewees island,16
dewey,82
dewey beach,17
dewey humboldt,245
deweyville,9
dewhurst township,1
dewitt,215
dewittville,11
dewy rose,10
dexter,250
dexter city,7
dexter township,8
diablo,12
diagonal,3
diamond,52
diamond bar,225
diamond beach,1
diamond bluff,3
diamond city,18
diamond head vista walsenburg,1
diamond head west walsenburg,1
diamond springs,37
diamond valley,2
diamondhead,143
diamondville,1
diana,54
dias creek,1
diberville,1
diboll,15
dickens,3
dickerson,25
dickeyville,2
dickinson,693
dickinson center,2
dickson,110
dickson city,35
dierks,4
dieterich,3
dietrich,13
diggins,1
diggs,4
dighton,24
dike,39
dilia,3
dill city,4
dillard,42
dilley,21
dilliner,3
dillingham,1
dillon,221
dillon beach,3
dillonvale,23
dillsboro,27
dillsburg,145
dilltown,1
dillwyn,35
dilworth,9
dime box,10
dimmitt,5
dimock,3
dimondale,28
dinero,11
ding dong,1
dingle,2
dingmans ferry,216
dinosaur,11
dinsmore,9
dinuba,37
dinwiddie,22
discovery bay,210
dish,1
disney,6
disputanta,65
district,1
district heights,184
dittmer,60
divernon,4
divide,51
dix,7
dix hills,121
dixfield,13
dixie,9
dixie ln alexandria,8
dixie valley,1
dixmont,7
dixmoor,4
dixon,595
dixon springs,1
dixons mills,1
dobbin,1
dobbins,25
dobbs ferry,21
dobson,45
docena,5
dodd city,14
doddridge,15
doddsville,1
dodge,9
dodge center,28
dodge city,38
dodgeville,82
dodson,10
dodson township,3
doe hill,1
doe run,11
doe valley,1
doerun,5
dog island,1
dolan springs,223
doland,1
dolgeville,27
dolliver,3
dolomite,4
dolores,63
dolostone dr pocatello,10
dolph,4
dolphin,1
dolton,222
dome valley,1
domino,1
dona ana,1
donahue,1
donald,3
donalds,10
donaldson,8
donaldsonville,22
donalsonville,76
donegal,4
dongola,10
donie,13
doniphan,94
donna,151
donnellson,7
donnelly,187
donnelsville,1
donora,27
donovan,3
doolittle,1
doon,1
dora,81
dorado,96
doral,727
doraville,60
dorcas,1
dorchester,45
dore,1
dorena,8
dornsife,7
dorothy,5
dorr,26
dorrance,4
dorrington,25
dorris,38
dorset,25
dorsey,6
dortches,3
dos palos,35
dos rios,1
doss,2
doswell,21
dothan,410
dothan city limits,31
doty,1
double adobe,2
double bayou,1
double oak,9
double springs,150
doucette,1
douds,2
dougherty,3
douglas,381
douglas city,25
douglas flat,2
douglass,15
douglassville,80
douglaston,87
douglasville,698
dousman,46
dove creek,20
dover,1359
dover foxcroft,25
dover plains,41
dover township,1
dow,7
dow city,1
dowagiac,76
dowell,4
dowelltown,2
dowling,6
dowling park,10
downers grove,450
downey,257
downieville,2
downingtown,394
downs,30
downsville,31
dows,3
doyle,30
doyle township,4
doylesburg,4
doylestown,462
doyline,26
dozier,12
dr unit 39 deming,1
dr unit 42 deming,1
dr unit 78 deming,2
dr unit 80 deming,1
dracut,126
dragoon,4
drain,14
drake,13
drakes branch,13
drakesboro,2
drakesville,6
draper,138
draper township,2
drasco,64
dravosburg,11
drayden,15
drayton,4
drayton loop,3
dresden,78
dresher,41
dresser,21
drewryville,1
drewsey,2
drexel,11
drexel hill,208
drift,3
drifting,5
driftwood,36
driftwood pa,1
driftwood parking park,1
driggs,121
dripping springs,179
driscoll,3
druid,1
drummond,22
drummond island,81
drummonds,10
drumore,7
drumright,27
drums,95
drury,5
dry branch,12
dry creek,10
dry fork,23
dry prong,20
dry ridge,79
dryden,77
dryden vlg,1
dryfork,13
drytown,4
dsrt hot spgs,10
du bois,2
du quoin,43
duane,5
duanesburg,52
duarte,108
dubach,21
dubberly,4
dublin,1068
dubois,185
duboistown,1
dubuque,159
duchesne,71
duck,86
duck creek,8
duck creek village,48
duck hill,3
duck river,12
ducktown,15
duckworth rd,1
ducor,3
dudley,111
dudleyville,4
due west,7
duenweg,20
duette,8
duff,18
duffield,19
dufur,14
dugger,3
dugspur,16
duke,7
duke center,2
dukedom,5
dulac,11
dulce,1
duluth,721
dulzura,18
dumas,44
dumfries,362
dummer,5
dummerston,1
dumont,39
dunbar,49
dunbar t wi,3
dunbarton,7
duncan,415
duncan falls,8
duncan township,2
duncannon,51
duncansville,50
duncanville,192
duncombe,3
dundalk,144
dundas,44
dundee,186
dundee vlg,3
dune acres,1
dunedin,476
dunellen,57
dunellen borough,2
dunfermline,2
dungannon,1
dunkerton,11
dunkirk,151
dunlap,270
dunlo,2
dunlow,2
dunmor,4
dunmore,81
dunn,85
dunn center,1
dunn loring,18
dunnavant,1
dunnegan,6
dunnell,6
dunnellon,1138
dunnigan,10
dunning ave,1
dunnsville,32
dunnville,8
dunreith,2
dunrieth,1
dunsmuir,28
dunstable,18
dunwoody,172
dupo,34
dupont,92
dupont rd,1
dupuyer,2
duquesne,24
durand,52
durango,268
durant,184
durbin,2
durham,736
durhamville,11
durkee,7
durre dr,2
duryea,28
dushore,17
duson,106
dustin,14
dutch flat,10
dutchtown,1
dutton,26
duvall,110
duxbury,105
dwale,1
dwarf,2
dwight,59
dyer,65
dyer brook,1
dyersburg,167
dyersville,15
dyerville loop rd,1
dyke,26
dyker heights,1
dysart,19
e5086 sunset rd,1
e5214 margaret saint,1
e724 powers rd,1
eads,48
eagan,401
eagar,47
eagle,648
eagle bay,8
eagle bend,10
eagle bridge,1
eagle butte,2
eagle creek,17
eagle grove,19
eagle harbor,11
eagle lake,95
eagle mountain,329
eagle nest,38
eagle pass,303
eagle point,158
eagle river,216
eagle rock,63
eagle springs,8
eagle township,5
eagle vail,13
eagle view dr deerwood,1
eagles mere,8
eagleswood township,5
eagletown,1
eagleville,112
eakly,1
earl park,1
earl township,1
earle,6
earleton,15
earleville,66
earlham,12
earlimart,20
earling,5
earlington,3
earlsboro,11
earlton,6
earlville,50
early,57
early branch,10
earlysville,52
earth,3
easley,698
east 0 no address panther butte rd,1
east 6th ave,1
east allen township,3
east alton,102
east amana,1
east amherst,107
east amwell,3
east amwell township,23
east arnold ave,1
east atlantic beach,5
east aurora,122
east ave unit hot springs,1
east bangor,6
east bank,2
east barnes saint,1
east bend,40
east berlin,70
east bernard,70
east berne,2
east bernstadt,77
east bethany,12
east bethel,56
east biggs,1
east bloomfield,3
east boston,6
east brady,8
east branch,9
east branch ny,1
east brewton,14
east bridgewater,56
east brookfield,15
east brunswick,303
east butler,1
east canton,52
east carbon,4
east carondelet,7
east central ave,1
east chatham,9
east chicago,36
east china,7
east cleveland,60
east concord,5
east county line rd,1
east dennis,41
east dublin,41
east dubuque,14
east dundee,29
east durham,13
east earl,15
east ellijay,40
east ellis ct,1
east elmhurst,181
east fallowfield township,4
east falmouth,180
east farmingdale,4
east farmington,1
east fishkill,1
east flat rock,22
east flatbush,15
east freedom,6
east galesburg,5
east garrison,20
east glacier park,5
east granby,27
east grand forks,66
east grand rapids,27
east greenbush,124
east greenville,23
east greenwich,125
east greenwich township,1
east gull lake,11
east haddam,67
east hampton,459
east hanover,51
east hartford,137
east harwich,7
east haven,93
east hazel crest,12
east helena,71
east highway 180,1
east hills,17
east hope,1
east islip,44
east jewett,5
east jordan,31
east kingston,1
east lake,2
east lakeside dr,1
east lansdowne,1
east lansing,290
east laurinburg,1
east leroy,8
east liberty,4
east liverpool,173
east longmeadow,110
east los angeles,74
east lyme,117
east lynn,3
east lynne,5
east machias,19
east marion,11
east mckeesport,10
east meadow,127
east meredith,3
east millinocket,5
east millsboro,3
east moline,88
east montpelier,3
east moriches,42
east moxie township,1
east nassau,11
east new market,45
east new york,3
east newark,4
east norriton,17
east northport,108
east norwich,6
east orange,263
east otto,5
east palatka,54
east palestine,42
east palo alto,108
east patchogue,90
east penn township,4
east peoria,153
east petersburg,98
east pittsburgh,26
east point,283
east prairie,25
east prospect,2
east providence,276
east quogue,84
east rancho dominguez,1
east ridge,2
east rochester,39
east rockaway,68
east rockhill township,1
east rutherford,20
east saint louis,42
east san diego,4
east sandwich,66
east setauket,35
east shore rd,1
east sparta,14
east spencer,10
east springfield,6
east stroudsburg,584
east superior superior,1
east sycamore saint,1
east syracuse,98
east tawakoni,25
east tawas,29
east troy,108
east union township,1
east vandergrift,9
east vineland,1
east wareham,6
east waterford,3
east wenatchee,233
east williston,6
east windsor,164
east york,1
eastaboga,24
eastampton,27
eastanollee,16
eastborough,2
eastbrook,6
eastchester,15
eastern,2
eastford,21
eastham,100
easthampton,88
eastlake,152
eastland,58
eastman,84
easton,557
eastover,31
eastpoint,131
eastpointe,84
eastport,51
eastpt,1
eastvale,315
eastview,11
eastville,21
eaton,150
eaton park,3
eaton rapids,86
eatonton,412
eatontown,61
eatonville,140
eau claire,409
eau galle,6
eau gallie,1
ebeemee township,1
ebensburg,18
ebony,25
ebro,10
echo,15
echo lake,2
echo township,1
eckerman,1
eckert,18
eckerty,4
eckhart mines,6
eckley,3
eclectic,31
economy,1
ecorse,28
ecru,21
ector,13
ed yeomans rd,1
edcouch,36
eddington,5
eddy,12
eddystone,5
eddyville,158
edelstein,3
eden,445
eden prairie,383
eden valley,21
edenton,264
edenville,3
edgar,15
edgar springs,30
edgard,1
edgartown,88
edge hill,2
edgecliff village,15
edgecomb,9
edgefield,80
edgefield county,1
edgeley,3
edgemere,9
edgemont,75
edgemoor,8
edgerton,141
edgewater,598
edgewater park,42
edgewater township,2
edgewood,770
edgewood blvd,1
edgewood dr little river,1
edina,551
edinboro,50
edinburg,762
edinburgh,15
edison,451
edison township,1
edisto,1
edisto beach,11
edisto island,60
edmeston,16
edmond,2509
edmonds,402
edmonton,32
edmore,11
edmunds township,2
edna,56
edna bay,3
edna township,2
edneyville,3
edom,8
edon,10
edroy,1
edson,2
edwall,6
edward,5
edwards,309
edwardsburg,52
edwardsport,1
edwardsville,320
edwin,1
effie,20
effingham,129
effington township,1
effort,93
efland,12
egan,2
egbert,1
egegik,1
egg harbor,97
egg harbor city,70
egg harbor township,292
eggertsville,5
eggleston,4
eglon,2
egnar,5
egremont,27
egypt,2
ehrenberg,3
eidson,16
eight mile,28
eighty eight,1
eighty four,37
eind,1
eisenstein,1
ekalaka,1
ekron,19
el cajon,1035
el cajon ca,1
el campo,146
el cenizo,6
el centro,71
el cerrito,171
el cerrito valle del cauca,1
el dara,2
el dorado,214
el dorado hills,580
el dorado springs,44
el granada,33
el guache,1
el guique,1
el indio,13
el jebel,1
el lago,22
el llano,1
el macero,6
el mirage,242
el monte,261
el morro,1
el nido,3
el paso,4168
el portal,22
el prado,148
el ranchito,1
el reno,185
el rito,15
el rito latir,2
el sauz,1
el segundo,79
el sereno,12
el sobrante,97
el valle,2
elaine,2
elaine av bay minette,1
eland,1
elba,43
elba township,18
elbe,4
elberfeld,5
elberon,15
elbert,37
elberta,143
elberton,140
elbow lake,14
elbridge,11
elburn,139
elcho,13
elco,2
eldena,2
eldersburg,25
elderton,2
eldon,68
eldora,25
eldorado,47
eldred,26
eldridge,52
eleanor,7
eleanor ct,1
electra,12
electric city,16
eleele,3
elephant butte,119
eleva,17
elevenpoint,1
elfrida,53
elgin,1196
eliasville,1
elida,7
eliot,16
elizabeth,303
elizabeth city,766
elizabeth lake,2
elizabethton,124
elizabethtown,527
elizabethville,12
elizaville,22
elk,57
elk city,242
elk creek,31
elk falls,2
elk garden,8
elk grove,1086
elk grove village,205
elk horn,13
elk mills,3
elk mound,14
elk park,59
elk point,59
elk rapids,48
elk ridge,20
elk river,231
elk run heights,8
elk saint,2
elk township,1
elka park,5
elkader,15
elkhart,187
elkhart lake,41
elkhorn,356
elkhorn city,14
elkin,78
elkins,187
elkins park,115
elkland,25
elkland township,2
elkmont,11
elko,265
elko new market,75
elkridge,219
elkton,459
elkview,37
elkville,7
elkwood,10
ellabell,71
ellamore,4
ellaville,10
ellenboro,43
ellenburg,8
ellenburg center,10
ellenburg depot,10
ellendale,57
ellensburg,284
ellenton,216
ellenville,45
ellenw,1
ellenwood,280
ellerbe,16
ellerslie,16
ellettsville,48
ellicott city,509
ellicottville,138
ellijay,1267
ellinger,3
ellington,81
ellinwood,19
elliott,7
elliottsburg,5
elliottsville township,2
ellis,28
ellis grove,1
ellisburg,4
ellison bay,22
elliston,57
ellisville,233
elloree,70
ellsinore,15
ellston,45
ellsworth,141
ellwood city,91
elm city,50
elm creek,3
elm grove,82
elm hall,1
elm mott,11
elma,131
elmendorf,91
elmer,64
elmer city,5
elmer township,1
elmhurst,552
elmira,271
elmira heights,22
elmo,12
elmont,132
elmora,1
elmore,67
elmore city,31
elmsford,17
elmwood,67
elmwood park,242
elmwood place,5
elon,42
elora,4
eloy,693
elrod,7
elroy,13
elsa,15
elsah,10
elsanor,4
elsberry,68
elsie,13
elsinore,2
elsmere,55
elton,9
eltopia,6
elverson,20
elverta,65
elwell,8
elwood,93
ely,151
ely township,3
elyria,387
elysburg,8
elysian,21
elysian fields,2
embarrass,16
embassy dr mount pleasant,1
embden,15
emblem,1
embudo,1
emden,6
emeigh,1
emerado,1
emerald,4
emerald bay estates 4th add wichita,1
emerald isle,165
emerson,34
emery,2
emery township,1
emeryville,136
emhouse,1
emigrant,12
emigrant gap,7
emigration canyon,2
emigsville,3
emily,41
eminence,33
emington,1
emlenton,9
emlyn,3
emma,1
emmalena,1
emmaus,50
emmerton,1
emmet,6
emmetsburg,15
emmett,280
emmett township,6
emmett vlg,1
emmitsburg,33
emmons,6
emory,164
empire,93
empire city,2
empire township,2
emporia,127
emporium,24
emporium pa,4
en a wen da,1
encampment,10
enchanted oaks,13
encinal,14
encinitas,274
encino,395
endeavor,9
endicott,200
endwell,28
energy,8
enfield,181
engadine,4
engelhard,6
england,56
englewood,1261
englewood cliffs,25
english,9
englishtown,34
enid,655
enid kremlin,2
enigma,7
enloe,4
ennice,42
ennis,266
enoch,31
enola,128
enon,15
enon valley,5
enon vlg,4
enoree,43
enosburg falls,10
ensenada,3
ensign township,1
enterprise,276
entiat,17
enumclaw,221
enville,1
eo790 road,1
eola,2
eolia,13
epes,1
ephraim,23
ephrata,297
ephratah,10
epoufette,4
epping,47
epps,2
epsom,16
epworth,49
equality,7
equinunk,35
era,15
erath,20
erda,9
erdenheim,5
erhard,2
erial,2
erick,24
ericson,1
ericson lakes,1
erie,1281
erie pa,2
erieville,10
erin,38
erin township,1
erlanger,165
erma,28
ermine,2
ernest,2
ernul,6
eros,14
errol,3
erskine,14
erskine creek rd,1
erving,8
erwin,112
erwin township,1
erwinna,4
erwinville,1
esbon,2
escalante,3
escalon,105
escanaba,45
escatawpa,3
escondido,1051
esko,16
eskridge,6
esmond,1
esmont,20
esopus,13
espalier drive,1
espanola,93
esparto,28
esperance,15
esperance village,1
espyville,13
essex,275
essex fells,10
essexville,27
essington,25
estacada,137
estancia,74
estell manor,17
estelline,6
estero,573
estes park,78
estherville,53
estherwood,3
estill,11
estill springs,30
estillfork,4
estral beach,1
estral beach vlg,2
ethel,54
ethelsville,1
ethridge,22
etiwanda,1
etlan,5
etna,63
etna green,1
etoile,22
etowah,94
etta,1
etters,78
ettersburg,2
ettrick,6
eubank,28
eucha,57
euclid,537
eudora,11
eufaula,428
eugene,822
euharl,1
euharlee,37
euless,237
eulonia,1
eunice,113
eupora,11
eure,11
eureka,501
eureka mill,1
eureka springs,315
eureka township,1
eustace,34
eustis,433
eutaw,14
eutawville,40
eva,16
evadale,2
evan,1
evangeline,1
evans,705
evans city,50
evans mills,32
evansdale,31
evanston,628
evansville,439
evant,43
evart,45
evarts,13
eveleth,36
evendale,11
evening shade,13
evensville,48
everett,1141
everetts,6
everglades city,51
evergreen,160
evergreen park,85
evergreen township,2
everhigh acres rd,1
everly,3
everman,18
everson,56
everton,18
evesham,5
evington,32
ewa beach,205
ewell,15
ewen,2
ewing,229
ewing township,11
excel,1
excello,1
excelsior,14
excelsior springs,82
exchange,3
excursion inlet,2
exeland,16
exeter,208
exeter township,10
exira,18
exline,7
exmore,46
export,71
exton,68
eynon,8
eyota,18
ezel,6
ezzell,3
f m 2031 rd farm to market farm to market road,1
fabens,7
faber,17
fabius,15
fackler,3
factoryville,34
fair bluff,8
fair grove,28
fair haven,56
fair lawn,67
fair oaks,347
fair oaks ranch,51
fair play,85
fairbank,3
fairbanks,308
fairbn,2
fairborn,128
fairburn,442
fairbury,61
fairchance,7
fairchild,11
fairchilds,6
fairdale,11
fairdealing,10
fairfax,1266
fairfax station,129
fairfield,1476
fairfield bay,185
fairfield glade,224
fairfield harbour,1
fairfield township,61
fairfield twp,3
fairgrove,4
fairhaven,67
fairhaven township,1
fairhope,533
fairland,24
fairlawn,65
fairlee,2
fairless hills,44
fairmead,2
fairmont,524
fairmont city,2
fairmount,72
fairmount city,2
fairmount heights,15
fairplay,119
fairport,192
fairport harbor,27
fairton,1
fairview,575
fairview heights,76
fairview park,59
fairview township,7
fairwater,4
fairway,19
fairy,2
faison,6
faith,3
faith hill dr alexandria,8
faithorn township,1
fajardo,57
falcon,16
falcon heights,27
falcon ln belle plaine,4
falconer,24
falfurrias,42
falkner,3
falkville,35
fall branch,11
fall city,46
fall creek,21
fall river,357
fall river mills,22
fallbrook,601
fallbrook bonsall,1
fallentimber,3
falling leaf trl park rapids,5
falling spring,1
falling waters,152
fallis,1
fallon,232
falls,6
falls church,829
falls city,44
falls creek,8
falls mills,5
falls of rough,51
falls view,1
fallsburg,37
fallsington,1
fallston,100
falmouth,195
fancy farm,2
fancy gap,82
fannett,3
fannettsburg,2
fannin,1
fanning springs,37
fanshawe,2
fanwood,29
far hills,15
far rockaway,122
farber,2
fargo,225
faribault,174
farina,2
farley,3
farlington,1
farmdale,8
farmer city,38
farmers branch,250
farmersburg,9
farmersville,143
farmersville station,3
farmerville,91
farmingdale,210
farmington,1729
farmington hills,82
farmington township,14
farmingville,89
farmland,7
farmville,214
farner,3
farnham,22
farnhamville,1
farr west,22
farragut,30
farrell,27
farris,3
farson,3
farwell,100
fashing,1
fate,180
faucett,2
faulkner,4
faunsdale,1
fawn grove,9
fawn lake township,13
fawnskin,46
faxon,1
faxon township,2
fay,2
fay ranch,1
fayette,102
fayette city,13
fayetteville,2934
fayston,9
faywood,4
fbks,1
feasterville,1
feasterville trevose,82
feather falls,6
featherville,1
federal dam,14
federal heights,20
federal way,669
federalsburg,68
fedscreek,1
feed,1
felch,4
felda,1
felicity,2
fell township,1
fell twp,2
fellows,2
fellsmere,71
felsenthal,1
felt,5
felton,247
felts mills,2
fence,9
fence lake,12
fenelton,1
fennimore,22
fennville,68
fenton,476
fentress,5
fenway,2
fenwick,9
fenwick island,29
ferdinand,4
fergus falls,87
ferguson,97
ferguson drive,2
fern park,19
fernandina bch,6
fernandina beach,574
ferndale,224
fernley,383
fernwood,26
ferrelview,1
ferriday,30
ferris,93
ferrisburgh,13
ferron,4
ferrum,38
ferryville,9
fertile,10
fessenden,4
festus,520
feura bush,1
fiarburn,1
fiatt,1
fiddletown,37
field store,1
fieldale,15
fielding,16
fieldon,8
fields,3
fieldsboro,5
fife,56
fife lake,49
fifield,33
fifty lakes,10
fifty six,7
filer,54
fillmore,165
fincastle,47
finchville,12
findlay,312
findley lake,5
fine,8
fineview,1
fingal,2
finger,11
fingerville,2
finksburg,119
finland,17
finlayson,20
finley,9
finleyville,55
fircrest,44
fire island pine,14
fire island pines,1
firebaugh,15
firebird ln,1
firebrick,2
firestone,127
first saint saint maries,2
firth,15
fischer,93
fish camp,5
fish creek,33
fish haven,75
fish lake,4
fisher,38
fisher island,6
fishers,264
fishers landing,2
fishersville,64
fishertown,1
fisherville,37
fishing creek,11
fishkill,144
fishtail,4
fisk,1
fitchburg,427
fithian,4
fittstown,1
fitzgerald,58
fitzhugh,4
fitzpatrick,5
fitzwilliam,14
five points,5
flag pond,4
flagler,4
flagler beach,144
flagstaff,517
flagstaff township,1
flanagan,15
flanders,11
flanders saint mchenry,1
flandreau,5
flasher,1
flat lick,16
flat rock,199
flatbush,6
flatgap,5
flatlands,1
flatonia,42
flatwoods,42
flaxville,1
fleetville,2
fleetwood,220
fleischmanns,16
fleming,29
fleming island,168
flemingsburg,43
flemington,88
flensburg,2
fletcher,222
fletchers landing township,1
flint,826
flint hill,11
flinton,19
flintstone,31
flintville,6
flippin,124
flomaton,21
floodwood,10
flora,135
flora vista,14
florahome,78
floral,7
floral city,152
floral park,206
florala,33
florence,2471
florence t wi,16
floresville,222
florham park,64
florida,38
florida city,179
florida ridge,1
florien,22
floris,6
florissant,961
floriston,2
flossmoor,37
flournoy,1
flourtown,19
flovilla,21
flower,3
flower mound,526
flowery branch,300
flowood,70
floyd,94
floydada,5
floyds knobs,87
fluker,1
flushing,1004
fly creek,3
flynn,1
flynn township,1
fm 1416,1
fm 1593,2
fm 1927,1
fm 237,1
fm 2484,1
fm 2629,1
fm 439,1
fm 490,2
fm 940,1
fogelsville,5
folcroft,38
foley,531
folkston,66
follansbee,58
follett,4
folly beach,35
folsom,693
fombell,5
fond du lac,558
fonda,20
fontana,1221
fontanelle,5
foosland,6
foothill ranch,6
footville,3
forbes,4
forbes road,1
forbestown,5
ford,32
ford city,26
ford cliff,1
ford heights,4
ford river township,2
fordland,28
fordoche,3
fords,60
fordsville,9
fordville,1
fordyce,18
foreman,7
forest,213
forest acres,1
forest city,240
forest city township,2
forest falls,23
forest grove,167
forest heights,2
forest hill,199
forest hills,545
forest knolls,3
forest lake,158
forest lakes,20
forest park,291
forest prairie township,10
forest ranch,40
forest rd cannon falls,1
forest township,3
forest view,3
forestburg,10
forestburgh,17
forestdale,26
foresthill,115
foreston,11
forestport,27
forestville,73
forestville vlg,1
forgan,3
foristell,91
fork,7
fork union,19
forked river,138
forkland,5
forks,53
forks township,18
forkston township,1
forksville,6
formoso,2
forney,709
forrest,12
forrest city,33
forreston,15
forsan,1
forsyth,448
forsyth township,7
fort ann,45
fort ann village,1
fort ashby,31
fort atkinson,63
fort belvoir,13
fort benton,24
fort bidwell,3
fort blackmore,5
fort bragg,97
fort branch,1
fort bridger,4
fort calhoun,11
fort cobb,27
fort collins,1096
fort covington,11
fort davis,47
fort defiance,8
fort denaud,22
fort deposit,5
fort dodge,102
fort duchesne,2
fort edward,39
fort edward village,14
fort fairfield,18
fort gaines,16
fort garland,99
fort gay,10
fort gibson,32
fort gratiot,42
fort gratiot township,1
fort hancock,27
fort hill,1
fort howard,1
fort hunter,2
fort jackson,1
fort jennings,1
fort johnson,7
fort jones,40
fort kent,28
fort king george dr,1
fort laramie,13
fort lauderdale,1894
fort lawn,17
fort lee,258
fort littleton,1
fort loramie,5
fort loudon,46
fort lupton,58
fort madison,101
fort mccoy,228
fort mcdowell,27
fort mckavett,1
fort meade,105
fort mill,458
fort mitchell,74
fort mohave,415
fort montgomery,1
fort morgan,103
fort motte,1
fort myers,2901
fort myers beach,321
fort oglethorpe,14
fort payne,80
fort peck,6
fort pierce,675
fort pierre,38
fort plain,47
fort recovery,5
fort rice,1
fort ripley,7
fort salonga,13
fort scott,48
fort seybert,1
fort shaw,8
fort smith,249
fort stewart,1
fort stockton,98
fort sumner,9
fort supply,6
fort thomas,133
fort towson,10
fort valley,113
fort walton beach,274
fort washington,331
fort wayne,351
fort white,130
fort worth,6959
fort worth eagle mountain,1
fort wright,63
fort yates,1
fortescue,10
fortine,13
fortson,76
fortuna,27
fortville,85
forty fort,21
foss,7
foss lake,2
fossil,5
fosston,6
foster,71
foster city,171
foster rd,1
foster township,3
fosters,31
fostoria,71
fouke,3
fountain,217
fountain city,29
fountain green,14
fountain hill,6
fountain hills,489
fountain inn,254
fountain lake,1
fountain run,12
fountain valley,183
fountaintown,10
fountainville,5
four corners,1
four lakes,1
four oaks,50
four seasons,78
four states,1
fowler,52
fowlerton,2
fowlerville,59
fowlerville vlg,1
fowlkes,1
fowlstown,1
fox,9
fox island,46
fox lake,128
fox point,49
fox river grove,40
foxboro,70
foxburg,5
foxfire village,26
foxfire vlg,2
foxhome,1
foxworth,18
foyil,1
frackville,32
frakes,5
frametown,4
framingham,311
framington,1
francestown,1
francesville,2
francis,120
francis creek,25
francisco,1
francitas,3
franconia,28
frankenlust township,1
frankenmuth,18
frankford,144
frankford township,31
frankfort,675
frankfort township,2
franklin,2182
franklin furnace,10
franklin grove,17
franklin lakes,71
franklin park,69
franklin springs,2
franklin square,69
franklin township,66
franklin twp,280
franklin vlg,15
franklinton,268
franklintown,1
franklinville,174
frankston,63
franksville,55
frankton,11
franktown,47
frannie,2
fraser,219
frazee,26
frazeysburg,18
frazier park,121
frazier saint,1
fraziers bottom,13
fred,2
frederic,39
frederica,43
frederick,1598
fredericksburg,2170
fredericktown,127
frederiksted,136
fredon,1
fredon township,20
fredonia,139
free soil,12
free union,20
freeborn,3
freeburg,23
freeburn,1
freedom,109
freedom township,1
freehold,260
freeland,168
freelandville,2
freeman,18
freeman spur,2
freeman township,3
freeport,1134
freer,29
freestone,1
freetown,32
freeville,30
freistatt,1
frelinghuysen,25
fremont,1607
fremont center,12
fremont hills,2
french camp,12
french creek,18
french gulch,5
french lick,32
french settlement,19
french valley,2
french village,44
frenchboro,1
frenchburg,20
frenchglen,1
frenchman lake,1
frenchtown,63
frenchville,8
frendale,1
fresh meadows,111
fresno,1501
frewsburg,17
friant,34
friday harbor,93
fridley,162
friedens,20
friedensburg,1
friedheim,1
friend,8
friendly,4
friendship,173
friendsville,87
friendswood,444
frierson,15
fries,27
friesland,12
friona,6
fripp island,66
frisco,981
frisco city,5
fritch,57
frog ln,2
frohna,2
froid,7
fromberg,5
front royal,440
frontenac,50
frontier dr,1
fronts highway 93 north of highway 93,1
frost,18
frost township,1
frostburg,93
frostproof,213
frozen leg rd fort smith,1
fruit cove,11
fruit heights,8
fruita,115
fruithurst,14
fruitland,234
fruitland park,167
fruitport,27
fruitvale,16
fryburg,1
frye island,1
fryeburg,14
ft worth,17
ft. worth,28
ftl unit 47 sec 4 dell city,1
fulda,7
fulks run,11
fullerton,464
fulshear,794
fulton,522
fultondale,111
fultonville,18
fults,6
funk,2
funkstown,6
fuquay varina,201
fuquay-varina,14
furlong,47
furman,1
fyffe,9
ga 31018,1
ga hwy,1
gable,1
gabriels,5
gadsden,222
gadsden county,3
gaffney,219
gage,8
gages lake,7
gagetown,8
gahanna,33
gail,3
gaines,22
gainesboro,59
gainestown,6
gainesville,2974
gaithersburg,892
gakona,1
galatia,5
galax,121
galen,1
galena,404
galena park,44
gales creek,2
galesburg,230
galestown,2
galesville,40
galeton,22
galien,8
galion,56
galisteo,8
galivants ferry,42
gallant,7
gallatin,335
gallatin gateway,32
gallaway,1
galliano,10
gallina,7
gallion,10
gallipolis,48
gallipolis ferry,6
gallitzin,6
galloway,74
galloway township,173
gallup,87
galt,306
galva,16
galveston,837
galway,24
galway village,3
gamaliel,9
gambier,2
gambrills,105
gamerco,2
ganado,23
gandeeville,5
gannett,1
gans,9
gansevoort,5
gantt,8
gap,24
gap mills,13
garards fort,1
garber,11
garberville,30
garcia,2
garciasville,1
garden,12
garden city,554
garden city beach,59
garden city park,2
garden city south,4
garden grove,494
garden plain,9
garden prairie,15
garden ridge,12
garden valley,125
gardena,274
gardendale,299
gardiner,61
gardner,342
gardners,21
gardnerville,236
garfield,246
garfield heights,326
garfield township,4
gargatha,12
garibaldi,24
garita,2
garland,1083
garlock,1
garnavillo,9
garner,136
garnerville,12
garnet ave slayton,1
garnet valley,65
garnett,47
garrard creek rd,1
garretson,10
garrett,16
garrett park,8
garrettsville,45
garrison,168
garrisonville,1
garvin,42
garwin,7
garwood,46
gary,215
garysburg,11
garyville,9
gas,4
gas city,11
gasburg,9
gasport,32
gasquet,10
gassaway,13
gassville,20
gaston,75
gastonia,726
gastonville,1
gate city,32
gates,60
gates mills,31
gatesville,210
gateway,5
gatewood,2
gatlinburg,327
gauley bridge,4
gause,6
gautier,188
gaviota,3
gay,10
gaylesville,18
gaylord,255
gays,2
gays mills,16
gazelle,9
gearhart,34
geary,10
geddes,1
gee's bend,7
geff,4
geiger,9
geigertown,1
geismar,28
gem lake,3
gene autry,1
genesee,54
genesee ct post falls,1
genesee depot,1
geneseo,75
geneva,530
geneva on the lake,8
gennessee township,1
genoa,163
genoa city,108
genoa township,52
genola,3
gentry,208
gentryville,9
george,11
george west,33
georgetown,1825
georgetown lake,1
georgetown township,5
georgia,8
georgia saint,1
georgiana,3
gepp,2
gerald,43
geraldine,14
gerber,13
gering,37
gerlach,6
gerlaw,1
german flatts,7
german township,5
german valley,5
germansville,4
germanton,35
germantown,828
germantown hills,32
germfask,11
geronimo,7
gerrardstown,79
gerritsen beach,1
gerry,7
gerton,4
gerty,1
gervais,27
gettysburg,238
getzville,28
geuda springs,2
geyser,2
geyserville,24
gheens,1
ghent,47
gholson,2
ghosttown terlingua,2
gibbon,11
gibbonsville,2
gibbsboro,18
gibbstown,55
gibraltar,17
gibsland,2
gibson,25
gibson city,28
gibson island,1
gibsonburg,15
gibsonia,190
gibsonton,169
gibsonville,88
giddings,61
gideon,1
gifford,28
gig harbor,636
gila,6
gila bend,5
gilbert,1494
gilberton,2
gilbertown,4
gilberts,82
gilbertsville,252
gilbertville,15
gilboa,29
gilby,1
gilchrist,155
gilcrest,13
gile,1
gilead,2
gilford,36
gilgo beach,1
gill,20
gillespie,31
gillett,34
gillette,377
gillham,2
gilliam,1
gillis,1
gills rock,6
gillsville,14
gilman,27
gilmanton,19
gilmanton township,1
gilmer,259
gilmore,2
gilmore city,2
gilroy,333
gilson,2
gilsum,10
gipsy,1
girard,211
girardville,8
girdler,4
girdletree,2
girdwood,1
glacier,10
glacier ridge rd,2
gladbrook,13
glade,1
glade hill,46
glade park,26
glade spring,24
glade valley,40
gladesville,1
gladewater,83
gladstone,184
gladwin,249
gladwyne,33
glady,3
gladys,20
glasco,10
glasford,8
glasgow,240
glassboro,124
glassell park,16
glassport,31
glastonbury,109
gleason,29
gleeson,1
glen,13
glen allen,615
glen alpine,3
glen arbor,56
glen arm,19
glen aubrey,1
glen burnie,587
glen campbell,5
glen canyon,1
glen carbon,94
glen cove,116
glen dale,7
glen daniel,6
glen easton,1
glen echo,2
glen echo park,1
glen elder,1
glen ellen,26
glen ellyn,279
glen ferris,1
glen flora,11
glen gardner,21
glen haven,7
glen head,17
glen jean,1
glen lyn,2
glen lyon,8
glen mills,100
glen morgan,1
glen oak dr,1
glen oaks,29
glen park,2
glen richey,1
glen riddle,1
glen ridge,6
glen ridge boro township,38
glen rock,109
glen rose,148
glen saint mary,44
glen spey,55
glen township,1
glen ullin,5
glen white,1
glenallen,3
glenarden,21
glenarm,1
glenbeulah,18
glenbrook,14
glenburn,11
glencoe,273
glencoe township,1
glendale,2224
glendale heights,196
glendale springs,3
glendive,71
glendive county rd,1
glendo,15
glendon,2
glendora,310
gleneden beach,31
glenelg,13
glenfield,43
glenford,13
glenham,3
glenhaven,4
glenlakes,1
glenmont,8
glenmoore,36
glenmora,15
glenn,3
glenn dale,35
glenn heights,116
glennallen,18
glennie,31
glenns ferry,15
glennville,19
glenolden,87
glenoma,5
glenpike dr,1
glenpool,99
glenrock,22
glens falls,117
glens fork,1
glenshaw,66
glenside,117
glenview,469
glenvil,1
glenville,312
glenwillow,1
glenwood,225
glenwood city,19
glenwood landing,15
glenwood plt,1
glenwood springs,107
glenwood township,1
glidden,29
glide,10
glnwd,1
globe,117
glocester,85
glorieta,14
gloster,41
gloucester,417
gloucester city,105
gloucester point,16
gloucester township,4
glouster,10
glover,21
glover rd,1
gloversville,165
gloverville,4
glyndon,26
glynn,1
gnadenhutten,11
gobles,21
goddard,72
godeffroy,3
godfrey,141
godley,122
godwin,26
goessel,4
goetzville,11
goffstown,13
golconda,47
gold bar,47
gold beach,112
gold canyon,277
gold creek,5
gold hill,66
gold pan trail lead,4
gold river,72
gold run,5
goldbond,1
golden,219
golden beach,15
golden city,3
golden eagle,86
golden gate,5
golden meadow,8
golden oak,1
golden shores,3
golden valley,716
goldendale,122
goldens bridge,5
goldfield,14
goldonna,1
goldsberry,1
goldsboro,277
goldsby,16
goldsmith,3
goldston,2
goldthwaite,44
goldvein,15
goleta,28
golf,10
golf course rd,1
golf manor,4
goliad,51
golinda,2
golondrinas,1
goltry,1
golts,4
golva,1
gonvick,4
gonzales,470
gonzales ranch,1
goochland,88
good hope,52
good thunder,11
goode,40
goodell,2
goodells,4
goodfield,7
goodhue,27
gooding,61
goodland,56
goodland township,7
goodlettsville,66
goodman,32
goodman t wi,1
goodrich,56
goodrich vlg,12
goodridge,2
goodson,2
goodspring,8
goodsprings,4
goodview,77
goodwater,8
goodyear,958
goodyears bar,3
goose creek,141
goose lake,7
gooseberry,1
gordo,27
gordon,107
gordonsville,98
gordonville,163
gore,74
gore springs,1
gore township,1
goree,5
goreville,56
gorham,53
gorin,1
gorman,18
gormania,1
goshen,274
goshen township,50
gosnell,8
gosnold,4
gosport,11
gotebo,1
gotha,32
gotham,1
gothenburg,27
gould,1
gould city,11
gouldbusk,7
goulds,4
gouldsboro,138
gouverneur,71
government camp,10
government rd,2
gowanda,34
gowanus,1
gowen,13
gower,13
gowrie,3
grabill,2
grace,51
grace city,2
gracemont,7
graceville,30
gracey,2
grady,7
graeagle,24
graettinger,2
graff,1
graford,160
grafton,443
graham,576
grahamsville,7
grain valley,119
grainfield,1
grambling,2
gramercy,5
grampian,15
granada,6
granada hills,255
granbury,809
granby,269
grand bay,59
grand beach vlg,1
grand blanc,259
grand cane,15
grand canyon,1
grand chain,1
grand chenier,1
grand chute,3
grand coteau,2
grand coulee,16
grand falls township,2
grand forks,310
grand haven,155
grand island,272
grand isle,74
grand junction,611
grand lake,85
grand lake stream,3
grand lake stream plt,2
grand ledge,145
grand marais,40
grand marsh,16
grand meadow,42
grand mound,5
grand pass,1
grand prairie,792
grand rapids,728
grand ridge,28
grand river,11
grand rivers,25
grand ronde,15
grand saline,81
grand terrace,83
grand traverse,1
grand view,7
grandfalls,2
grandfield,1
grandin,3
grandview,308
grandview heights,21
grandview hts,3
grandville,48
grandy,62
granger,142
grangerland,1
grangeville,40
granite,16
granite bay,181
granite canon,2
granite city,409
granite falls,369
granite oregon,1
granite quarry,26
granite shoa,2
granite shoals,86
granite springs,4
graniteville,385
grannis,1
grant,136
grant city,5
grant park,26
grant town,6
grant township,10
grant valkaria,102
grantfork,1
grantham,34
granton,8
grants,75
grants pass,466
grantsboro,21
grantsburg,31
grantsville,100
grantville,36
granville,150
granville summit,4
granville village,9
grapeland,85
grapeview,26
grapeville,3
grapevine,204
grasmere,1
grasonville,67
grass lake,62
grass range,1
grass valley,615
grassflat,4
grasston,19
grassy butte,2
grassy creek,29
grassy sound,2
gratiot,4
gratis,2
gratis township,4
graton,5
gratz,2
gravel switch,6
gravelly,1
gravesend,1
gravette,116
gravity,1
gravois mills,97
grawn,47
gray,248
gray court,57
gray hawk,1
gray mountain,1
gray summit,9
grayland,30
grayling,94
grays river,3
grayslake,252
grayson,247
grayson-snellville,2
graysville,54
graytown,7
grayville,7
great barrington,140
great bend,194
great cacapon,61
great falls,814
great meadows,1
great mills,85
great neck,393
great neck plaza,1
great pond,2
great river,3
great valley,18
greater cincinnati,18
greater cleveland,16
greater indianapolis,1
greater nashville,3
greater raleigh,8
greece,24
greeley,895
greeley hill,5
greeleyville,10
green,20
green bank,3
green bay,1047
green brook,44
green camp,2
green city,2
green cove spr,14
green cove springs,436
green creek,7
green forest,38
green island,15
green island village,3
green isle,37
green lake,79
green lane,26
green mountain,48
green mountain falls,3
green oak township,45
green oaks,8
green park,4
green pond,7
green ridge,15
green river,56
green road,2
green sea,22
green spring,6
green springs,9
green township,204
green valley,924
green valley lake,60
greenacres,314
greenback,31
greenbackville,113
greenbank,28
greenbelt,154
greenbrae,51
greenbrier,194
greenbush,41
greencastle,221
greendale,69
greene,89
greenehaven,26
greenevers,1
greeneville,297
greenfield,611
greenfield center,3
greenfield park,14
greenfield township,23
greenhills,14
greenhurst,4
greenland,5
greenland beach,2
greenlaw chopping twp,1
greenlawn,23
greenleaf,27
greenock,3
greenough,2
greenpoint,1
greenport,47
greens fork,4
greensboro,2047
greensburg,521
greentop,3
greentown,131
greenup,32
greenvale,6
greenview,9
greenvile center,1
greenville,4206
greenwald,3
greenwater,10
greenway,2
greenwell springs,47
greenwich,373
greenwich township,29
greenwood,1039
greenwood lake,32
greenwood springs,4
greenwood township,4
greenwood village,39
greer,1128
greers ferry,73
gregory,35
greig,2
grenada,54
grenloch,1
grenola,2
grenora,3
grenville,8
gresham,587
grethel,1
gretna,277
grey eagle,13
grey fox loop inkom,5
greybull,9
greycliff,1
gridley,61
griffin,630
griffith,24
griffithsville,5
grifton,38
griggsville,3
grimes,236
grimesland,45
grimsley,22
grimstead,3
grindstone,5
grindstone twp,2
grinnell,106
grinstead saint,1
griswold,63
grizzly flats,39
groesbeck,91
groom,4
grosse ile,41
grosse pointe,14
grosse pointe farms,46
grosse pointe park,32
grosse pointe shores,11
grosse pointe woods,42
grosse tete,5
grosvenor,1
groton,209
grottoes,85
groundhog,4
grouse creek,9
grove,130
grove city,296
grove hill,6
groveland,611
groveland township,31
groveoak,1
groveport,37
grover,76
grover beach,49
grover hill,3
grovertown,2
groves,61
grovespring,17
groveton,33
grovetown,852
grubville,6
gruetli laager,7
grundy,10
grundy center,13
gruver,4
grygla,3
guadalupe,11
guadalupita,8
gualala,47
guanica,17
guatay,1
guayama,25
guayanilla,2
guaynabo,149
guemes island,2
guerneville,95
guernsey,22
gueydan,22
guffey,34
guide rock,2
guild,3
guilderland,171
guildhall,2
guilford,170
guilford rd,1
guin,12
guinda,8
guion,25
gulf ave orange beach,1
gulf breeze,376
gulf hammock,3
gulf shores,658
gulf stream,8
gulfport,919
gulliver,7
gully,2
gulph mills,4
gum spring,42
gumbranch,1
gun barrel city,121
gunlock,2
gunnison,83
gunter,28
guntersville,292
guntown,73
gurabo,23
gurdon,4
gurley,34
gurnee,272
gurney,3
gusher,2
gustavus,17
gustine,53
guston,6
guthrie,367
guthrie center,27
guttenberg,99
guy,38
guymon,9
guys,2
guys mills,2
guyton,331
gwinn,13
gwinner,1
gwinnett,1
gwynedd,1
gwynedd valley,5
gwynn,14
gwynn oak,61
gwynneville,3
gypsum,68
gypsy,2
hacienda heights,222
hackberry,38
hackensack,107
hacker valley,1
hackett,18
hackettstown,39
hackleburg,8
hacks neck,6
hacksneck,5
haddam,54
haddock,13
haddon heights,45
haddon township,23
haddonfield,104
hadley,74
hagaman,8
hagan,3
hagarville,8
hagatna,1
hager city,15
hagerhill,9
hagerman,45
hagerstown,930
hague,61
hahira,146
hahnville,14
haight,2
haigler,1
haiku,59
hailey,40
haileyville,8
haines,66
haines city,815
haines falls,1
hainesport,32
hainesville,27
hakalau,7
halbur,2
halcott center,7
hale,52
hale center,2
haledon,48
haleiwa,45
hales corners,31
hales location,1
halesite,2
halethorpe,82
haleyville,49
half moon bay,113
halfmoon,213
halfway,10
halibut cove,2
halifax,162
hall,3
hall summit,1
hallam,17
hallandale beach,806
hallelujah jct doyle,1
hallelujah junction,1
hallett,3
hallettsville,73
halliday,2
hallieford,12
hallock,1
hallowell,29
hallquist ave red wing,3
halls,23
hallsboro,11
hallstead,17
hallsville,74
halltown,1
hallwood,7
halsey,11
halstad,1
halstead,10
haltom city,200
ham lake,97
hambleton,2
hamburg,396
hamburg township,62
hamden,269
hamel,3
hamer,15
hamer township,1
hamersville,2
hamilton,1126
hamilton branch,5
hamilton city,11
hamilton fort,1
hamilton square,1
hamilton township,179
hamler,3
hamlet,71
hamlin,38
hammett,3
hammon,20
hammond,433
hammond ave,1
hammondsport,36
hammondsville,3
hammonton,130
hampden,77
hampshire,149
hampstead,677
hampton,1132
hampton bays,116
hampton cove,14
hampton falls,1
hamptonville,19
hamshire,26
hamtramck,52
hana,32
hanahan,66
hanalei,22
hanapepe,3
hanceville,117
hancock,304
hancocks bridge,1
handy township,23
hanford,319
hankamer,11
hankins,1
hankinson,31
hanksville,4
hanlontown,4
hanmer rd,1
hanna,17
hanna city,11
hannacroix,6
hannaford,1
hannah mountain road,1
hannawa falls,1
hannibal,269
hannon ranch ln bisbee,1
hanover,882
hanover park,205
hanover township,106
hanover twp,72
hanoverton,19
hansen,13
hansford,2
hanska,8
hanson,79
hanston,1
hansville,35
hapeville,35
happy,7
happy camp,4
happy jack,70
happy valley,419
harahan,38
harbert,8
harbeson,119
harbinger,10
harbor beach,11
harbor city,136
harbor springs,140
harborcreek,34
harborton,1
harcuvar,1
hardaway,3
hardeeville,199
hardenburgh,3
hardin,55
harding,14
harding township,59
hardinsburg,29
hardtner,1
hardwick,49
hardwick twp,9
hardy,215
hardyston,84
hardyville,18
harford,5
hargill,8
hargis,1
harker heights,347
harkers island,43
harlan,81
harlan township,20
harlem,164
harleton,9
harleysville,121
harleyville,11
harlingen,351
harlowe,1
harlowton,6
harman,22
harmon,5
harmonsburg,2
harmontown,2
harmony,111
harmony township,16
harned,6
harold,13
harper,123
harper woods,51
harpers ferry,192
harpersfield,20
harpersville,43
harpster,9
harpswell,13
harpursville,17
harquahala,9
harrah,178
harrells,32
harrellsville,12
harriet,5
harrietstown,2
harrietta,10
harriman,171
harrington,116
harrington park,11
harris,30
harris county,43
harrisburg,1442
harrison,685
harrison ave,1
harrison city,14
harrison township,121
harrison valley,3
harrisonburg,254
harrisonville,121
harrisville,105
harrod,9
harrodsburg,144
harrogate,79
harrold,2
harsens island,2
harshaw,7
hart,38
hartfield,61
hartford,645
hartford city,45
hartington,21
hartland,207
hartland township,29
hartleton,2
hartley,13
hartly,18
hartman,18
harts,7
hartsburg,11
hartsdale,63
hartsel,193
hartselle,63
hartsfield,2
hartsgrove,1
hartshorn,9
hartshorne,27
hartstown,3
hartsville,220
hartville,82
hartwell,191
hartwick,39
harvard,170
harvel,1
harvest,58
harvey,187
harvey cedars,19
harveys lake,17
harveysburg,4
harveyville,4
harviell,25
harwich,118
harwich port,35
harwick,5
harwinton,30
harwood,52
harwood heights,41
hasbrouck heights,15
haskell,95
haskins,3
haslet,234
haslett,87
hasse,4
hassell,2
hastings,515
hastings dr duluth,6
hastings on hudson,11
hasty,8
haswell,1
hat creek,5
hat island,15
hatboro,81
hatch,38
hatchechubbee,1
hatfield,101
hathaway pines,12
hatillo,29
hatley,22
hato rey,2
hatteras,53
hattiesburg,407
hattieville,5
hatton,4
haubstadt,4
haugan,5
haugen,1
haughton,213
hauppauge,67
hauser,35
hauser lake,1
hauula,26
havana,108
havelock,172
haven,12
havensville,2
haverford,60
haverhill,261
haverhill township,3
haverstraw,16
havertown,164
haviland,5
havre,43
havre de grace,209
haw creek,1
haw river,29
hawaiian gardens,37
hawaiian natl park,1
hawaiian ocean view ranchos,1
hawarden,7
hawesville,22
hawi,11
hawick,1
hawk cove,5
hawk point,39
hawk run,1
hawk springs,1
hawkeye,5
hawkeye patent,1
hawkins,78
hawkins bar,5
hawkinsville,72
hawks,13
hawksbury ln pequot lakes,2
hawley,337
haworth,9
hawthorn,3
hawthorn woods,77
hawthorne,579
haxtun,14
hay river township,1
hay springs,2
hayden,298
hayden lake,7
haydenville,1
hayes,135
hayes center,2
hayes township,8
hayesville,820
hayfield,9
hayfork,89
haymarket,323
haynesville,17
hayneville,4
hays,237
haysi,6
haysville,54
hayti,6
hayward,1020
haywood,5
hazard,100
hazel,3
hazel crest,80
hazel green,99
hazel hurst,2
hazel park,61
hazelhurst,21
hazelton,17
hazelton township,3
hazelwood,165
hazen,11
hazle township,255
hazlehurst,77
hazlet,77
hazlet township,1
hazleton,307
head of harbor,6
head waters,1
headland,42
healdsburg,186
healdton,41
healy,6
hearne,40
heartland,138
heartwell,4
heaters,3
heath,185
heath springs,17
heathrow,3
heathsville,290
heavener,23
heavens view lane,1
hebbronville,29
heber,69
heber city,746
heber springs,179
hebert,1
hebo,10
hebron,427
hector,24
hedgesville,238
hedrick,5
hedwig village,15
heflin,117
hegins,7
heidelberg,15
heidrick,1
heiskell,34
heislerville,9
helen,41
helena,723
helena west helena,1
helendale,165
helenville,12
helenwood,19
helga township,1
helicon,1
helix,2
hell creek recreation,1
hellam,6
hellertown,27
helmetta,20
helmville,23
helotes,143
helper,21
heltonville,3
helvetia,1
hematite,2
hematite township,2
hemet,1192
hemingford,4
hemingway,42
hemlock,39
hemphill,155
hempstead,411
henagar,13
henderson,1610
henderson harbor,4
hendersonville,1003
hendricks,13
hendrix,5
hendrum,13
hendrysburg,1
henefer,2
henley,3
henleyfield,2
hennepin,7
hennessey,18
henniker,15
henning,22
henrico,373
henrietta,95
henrietta township,1
henrieville,3
henry,66
henry circle green isle,2
henry island,1
henryetta,72
henryville,87
hensley,19
hensonville,3
hephzibah,352
hepler,1
heppner,13
herald,22
herbster,12
herculaneum,119
hercules,136
hereford,346
herington,40
herkimer,75
herlong,16
herman,13
hermann,45
hermansville,12
hermantown,51
hermanville,2
herminie,8
hermiston,189
hermitage,217
hermleigh,6
hermon,40
hermosa,25
hermosa beach,123
hernandez,36
hernando,664
hernando beach,149
herndon,655
hernshaw,1
herod,5
heron,12
heron lake,12
herreid,1
herrick,5
herriman,505
herrin,98
herron,6
herscher,15
hersey,24
herseytown township,1
hershey,95
hertel,4
hertford,274
hesperia,996
hesperus,26
hessel,15
hessmer,9
hesston,21
hestand,2
heth,3
hettick,5
hettinger,10
heuvelton,8
hewett,1
hewitt,55
hewlett,52
hewlett bay park,11
hewlett harbor,14
heyburn,36
heyworth,34
hi hat,2
hi vista,6
hialeah,1050
hialeah gardens,61
hiawassee,399
hiawatha,49
hiawatha township,2
hibbing,117
hibbing kelly lake,1
hickman,69
hickory,579
hickory corners,5
hickory creek,42
hickory flat,20
hickory grove,11
hickory grove dr jerseyville,8
hickory hills,23
hickory ridge,1
hickson,1
hicksville,141
hico,52
hidalgo,35
hidden golf club,1
hidden hills,29
hidden valley,15
hidden valley lake,178
hiddenite,10
hide a way,14
hideaway,48
hideaway hills,1
hideout,157
higbee,1
higden,18
higdon,2
higgins lake,1
higgins township,1
higginson,1
higginsville,28
high bridge,46
high falls,16
high hill,4
high island,2
high point,887
high ridge,166
high rolls mountain park,14
high saint red river,2
high shoals,10
high springs,201
high view,9
high vista,3
highfill,14
highgate,12
highgrove,2
highland,908
highland beach,114
highland city,7
highland falls,8
highland haven,11
highland heights,117
highland hills,3
highland home,2
highland lake,7
highland mills,28
highland park,492
highland springs,1
highland township,1
highland village,86
highlands,411
highlands ranch,190
highlandville,25
highmount,2
highspire,24
hightown,1
hightstown,60
highway 12 east,1
highway 14,1
highway 15,1
highway 19 east,1
highway 367,1
highway 385 alliance,1
highway 39,1
highway 395,1
highway 421 south,1
highway 45 ol a,1
highway 51,1
highway 61,1
highway 61 north,1
highway 65n,1
highway 7 north,1
highway 89,4
highway 94,2
highway j52 hwy,1
highwood,22
hilbert,26
hildale,6
hildebran,9
hildreth,3
hiles,4
hilham,89
hill,3
hill city,55
hill country village,3
hill rd mchenry,1
hillburn,3
hillcrest,7
hiller,2
hilliard,214
hilliards,3
hillister,17
hillman,51
hillpoint,4
hillrose,4
hills,37
hills rd,1
hillsboro,1431
hillsboro beach,43
hillsborough,215
hillsborough twp,195
hillsdale,121
hillsgrove,2
hillside,139
hillside dr lutsen,4
hillsville,93
hilltop,3
hilltop lakes,311
hilltown,1
hillview,1
hilmar,42
hilo,141
hilshire village,5
hilton,80
hilton head island,1091
hiltons,7
hinckley,95
hindman,5
hindsboro,1
hindsville,21
hines,24
hinesburg,8
hineston,7
hinesville,289
hingham,131
hinkle,2
hinkley,95
hinsdale,250
hinton,115
hiram,230
hitchcock,175
hitchins,1
hitchita,2
hiteman,1
hiwasse,1
hiwassee,29
hixson,186
hixton,2
ho ho kus,11
hoagland,2
hobart,106
hobart township,1
hobbs,269
hobbsville,2
hobe sound,185
hobgood,2
hoboken,185
hobson,10
hobucken,1
hockessin,101
hockley,375
hodgdon,6
hodge,4
hodgen,9
hodgenville,45
hodges,54
hodgkins,3
hoehne,1
hoene spring,1
hoffman,13
hoffman estates,306
hoffmeister,3
hogansville,65
hohenwald,56
hoisington,26
hokah,4
hokes bluff,29
holbrook,192
holcomb,16
holcombe,6
holden,194
holden beach,96
holdenville,50
holder,1
holderness,7
holdingford,9
holdrege,24
holgate,4
holiday,303
holiday dr,1
holiday hills,10
holiday island,447
holiday lakes,4
holladay,98
holland,505
holland patent,11
holland township,28
hollandale,14
hollander rd,2
hollansburg,1
holley,31
holliday,26
hollidaysburg,86
hollis,85
hollis center,6
hollis hills,11
hollister,524
holliston,90
holliswood,2
hollow rock,3
holloway,3
hollsopple,16
holly,41
holly beach,7
holly grove,1
holly hill,111
holly lake ranch,57
holly pond,16
holly ridge,458
holly springs,150
holly vlg,12
hollytree,1
hollywood,1526
hollywood hills,3
hollywood hills east,7
hollywood pa,4
hollywood township,1
holman,2
holmdel,87
holmen,150
holmes,34
holmes beach,91
holmes city,1
holmes township,1
holmesville,1
holstein,9
holt,222
holton,31
holts summit,61
holtsville,57
holtville,14
holtwood,17
holualoa,27
holy cross,1
holyoke,217
holyrood,4
homan lake rd,1
home,7
home valley,3
homedale,49
homeland,76
homer,257
homer city,21
homer glen,161
homerville,13
homestead,1482
hometown,28
homewood,280
homeworth,12
hominy,19
homosassa,1006
homosassa springs,5
homossasa,1
honaker,10
honalo,1
honaunau,2
honcut,1
hondo,64
honea path,60
honeoye,27
honeoye falls,38
honesdale,131
honey brook,49
honey creek,1
honey grove,55
honeydew,7
honeyville,4
honobia,11
honokaa,24
honolulu,1898
honomu,2
honor,15
hood,3
hood river,104
hoodoo loop,2
hoodsport,25
hooker,7
hookerton,6
hooks,12
hooksett,31
hookstown,6
hoolehua,1
hoonah,1
hoopa,1
hooper,37
hoopeston,24
hoople,2
hooppole,2
hoosick,25
hoosick falls,52
hoover,988
hooversville,11
hop bottom,4
hopatcong,158
hope,172
hope hull,10
hope mills,194
hopedale,32
hopelawn,14
hopewell,350
hopewell junction,210
hopewell township,15
hopkins,150
hopkinsville,118
hopkinton,175
hopland,16
hopwood,18
hoquiam,88
horace,37
horatio,11
horicon,70
horizon city,431
hormigueros,15
horn lake,61
hornbeak,10
hornbeck,7
hornbrook,83
hornell,66
horner,13
hornersville,1
hornick,4
hornitos,1
horntown,41
horse cave,22
horse creek,4
horse shoe,35
horseheads,105
horsepen,1
horseshoe bay,456
horseshoe beach,21
horseshoe bend,221
horseshoe lake,7
horsham,62
hortense,20
horton,27
hortontown rd,1
hortonville,114
hoschton,357
hosford,9
hoskins,1
hospers,3
hot springs,1219
hot springs national park,29
hot springs vil,1
hot springs vill,2
hot springs village,705
hot sulphur,1
hot sulphur springs,15
hotchkiss,43
houghton,42
houghton lake,136
houghton lake heights,1
houlka,6
houlton,33
houma,260
house springs,138
houston,23862
houstonia,2
houtzdale,21
hoven,1
hovland,23
howard,92
howard beach,184
howard city,43
howard lake,29
howards grove,29
howardstown,1
howardsville,7
howardwick,17
howe,62
howell,375
howells,1
howes cave,3
howey in the hills,89
howland,10
hoxie,11
hoyleton,1
hoyt,8
hoyt lakes,32
hoytsville,1
huachuca city,79
hualapi dr cherokee village,1
hubbard,226
hubbard lake,24
hubbardston,40
hubbardsville,4
hubbardton,4
huber heights,93
hubert,373
hubertus,30
huckabay,1
huddleston,111
huddy,2
hudgins,11
hudson,1839
hudson bend,1
hudson falls,69
hudson oaks,15
hudsonville,184
hueysville,9
hueytown,158
huffman,187
huger,53
huggins,7
hughes,12
hughes springs,60
hughestown,5
hughesville,113
hughson,74
hugo,277
hugoton,23
huguenot,7
hulbert,26
hulett,10
hull,205
hulmeville,3
humacao,122
humansville,15
humbird,2
humble,1488
humboldt,152
humboldt hill,3
humboldt river ranch,1
humboldt township,6
humboltd ave,1
hume,26
hume township,2
humeston,12
hummelstown,179
humnoke,4
humnoke lonoke county,1
humphrey,9
humphreys,1
humptulips,7
hundred,1
hungerford,12
hungry creek rd,1
hungry horse,1
hunker,8
hunlock creek,14
hunnewell,1
hunt,41
hunt valley,5
hunter,101
hunter hall saint billings,3
hunter road,1
hunter village,4
hunters,15
hunters creek village,21
huntersville,516
huntertown,22
hunting valley,16
huntingburg,52
huntingdon,152
huntingdon valley,89
huntingtn sta,108
huntington,698
huntington bay,7
huntington beach,1113
huntington park,84
huntington sta,4
huntington station,4
huntington township,5
huntington woods,7
huntingtown,119
huntland,7
huntleigh,1
huntley,385
huntly,8
hunts point,4
huntsburg,12
huntsville,1451
hurdland,2
hurdle mills,14
hurley,67
hurley c wi,6
hurleyville,7
hurlock,58
huron,144
huron township,21
hurricane,292
hurricane mills,11
hurst,214
hurt,28
hurtsboro,11
huson,15
husser,2
hustisford,23
hustle,3
hustontown,4
hustonville,35
husum,6
hutchins,13
hutchinson,553
hutchinson island,77
hutsonville,5
hutto,134
huttonsville,5
huxley,55
hwy 168 warm,1
hwy 168 warm springs,1
hwy 67 84,1
hyampom,5
hyannis,138
hyannis port,11
hyattsville,390
hybart,1
hyde,2
hyde park,160
hyden,7
hyder,4
hydes,3
hydesville,1
hydro,32
hye,1
hyndman,10
hypoluxo,54
hyrum,27
hysham,6
iaeger,1
iberia,8
ickesburg,8
icy cove trail,1
id 16522 cth,1
id 18869 highway 8 27136,1
ida,34
ida grove,17
ida township,2
idabel,40
idaho city,20
idaho falls,186
idaho springs,40
idalia,1
idalou,30
idamay,6
idanha,3
idaville,2
ideal,6
ider,8
idledale,1
idlewild,10
idlewylde,10
idleyld park,3
idun township,1
idyllwild,95
ignacio,33
igo,11
ijamsville,45
ilfeld,13
iliamna,1
iliff,5
ilion,66
illinois city,2
illiopolis,4
ilwaco,28
imbler,5
imboden,6
imlay,48
imlay city,13
imler,7
immokalee,70
imnaha,4
imperial,384
imperial beach,140
ina,3
inarajan,12
inavale,1
inchelium,13
incline village,242
independence,1325
independence township,39
index,1
indiahoma,1
indialantic,182
indian bayou,1
indian beach,22
indian cave park road,1
indian creek,11
indian creek rd,1
indian falls,2
indian gap,1
indian harbour beach,93
indian head,125
indian head park,38
indian head tr walsenburg,1
indian hill,28
indian hills,8
indian lake,41
indian lake estates,294
indian land,261
indian mound,19
indian point,27
indian river,76
indian river shores,29
indian rocks beach,54
indian shores,74
indian springs,18
indian springs village,5
indian trail,136
indian valley,17
indian wells,112
indiana,171
indiana ave,1
indianapolis,2637
indianfields township,6
indianola,350
indiantown,40
indio,526
indore,1
industrial park dr,1
industry,37
inez,49
ingalls,5
ingleside,188
ingleside on the bay,12
inglewood,318
inglis,90
ingomar,1
ingram,46
inkerman,1
inkom,25
inkster,41
inlet,16
inlet beach,234
inman,461
inman township,1
innsbrook,41
inola,49
inside,86
institute,1
intercession city,13
interior township,1
interlachen,625
interlaken,8
interlochen,45
international,1
international falls,7
intracoastal city,2
inver grove heights,311
inverness,1111
inwood,147
inwood township,2
inyokern,57
ioka,1
iola,122
iona,8
ione,189
ionia,53
iosco township,25
iota,7
iowa,302
iowa city,729
iowa colony,326
iowa falls,34
iowa hill,4
iowa park,28
ipava,1
ipswich,44
ira,4
iraan,8
irasburg,2
iredell,7
ireland,2
irene,3
ireton,4
irish beach,2
irma,8
irmo,66
iron,8
iron city,10
iron co,1
iron gate,2
iron mountain,32
iron ridge,17
iron river,61
iron station,164
irondale,136
irondale township,1
irondequoit,18
irons,38
ironton,109
ironwood,38
ironwood lane lead,2
iroquois,2
iroquois dr cherokee village,1
irrigon,25
irvine,1387
irving,842
irvington,371
irvona,2
irwin,230
irwindale,1
irwinton,11
isabela,47
isabella,24
isabelle township,1
isanti,134
ischua,2
iselin,105
ishpeming,49
isla verde,1
isla vista,1
islamorada,91
island,4
island city,17
island dr brainerd,1
island falls,5
island heights,22
island lake,89
island park,99
islandia,7
islandton,7
isle,30
isle au haut,5
isle harbor township,1
isle la motte,13
isle of palms,76
islesboro,10
isleton,33
islip,43
islip terrace,15
isom,1
isonville,6
israel township,1
issaquah,298
issue,15
italy,31
itasca,108
ithaca,351
itta bena,5
iuka,116
iva,57
ivanhoe,47
ivel,11
ivesdale,1
ivey,4
ivins,52
ivor,9
ivy,3
ivydale,6
ivyland,20
ixonia,34
j2 ranch rd,1
jabez,14
jacinto city,4
jack,5
jackman,3
jackpot,7
jacks creek,1
jacksboro,106
jackson,2938
jackson center,18
jackson heights,250
jackson springs,62
jackson township,45
jacksonboro,4
jacksonport,2
jacksons gap,33
jacksontown,2
jacksonville,11743
jacksonville beach,260
jacob,1
jacobs,1
jacobsburg,5
jacobson,4
jacobus,9
jacona,2
jacumba,19
jadwin,1
jaffrey,24
jakin,1
jal,9
jamaica,711
jamaica beach,26
jamaica estates,11
jamaica plain,3
jamaica south,2
james creek,12
james island,6
jamesburg,38
jameson,1
jamesport,22
jamestown,982
jamestown vlg,1
jamesville,106
jamison,31
jamul,91
jane,8
jane lew,20
janesville,566
jarales,6
jaroso,3
jarratt,34
jarreau,10
jarrell,167
jarrettsville,49
jarvisburg,17
jasonville,5
jasper,1375
java,4
java center,4
jay,246
jay em,1
jayess,20
jayton,2
jayuya,1
jean,2
jean lafitte,4
jeanerette,27
jeannette,144
jeddo,6
jeff,2
jeffer,1
jeffers,2
jefferson,979
jefferson city,308
jefferson saint,1
jefferson township,225
jefferson valley,6
jeffersonton,52
jeffersontown,7
jeffersonville,193
jeffrey,1
jeffries ct spearfish,6
jekyll island,20
jellico,22
jelm,3
jemez pueblo,11
jemez springs,35
jemison,66
jena,18
jenera,2
jenison,76
jenkins,24
jenkins township,37
jenkinsburg,16
jenkinsville,4
jenkintown,80
jenks,218
jenner,15
jenners,2
jennerstown,3
jennings,189
jensen,4
jensen beach,232
jeremiah,1
jericho,49
jerico springs,6
jermyn,25
jerome,182
jeromesville,30
jerry city,1
jersey city,671
jersey shore,17
jersey village,32
jerseyville,104
jerusalem,14
jessica saint billings,5
jessieville,6
jessup,95
jesup,199
jet,3
jetersville,47
jetmore,1
jewell,24
jewell ridge,7
jewett,69
jim falls,12
jim thorpe,147
joanna,5
joaquin,19
jobstown,12
joelton,32
joffre,3
johannesburg,27
johcrk,3
john day,38
johns creek,224
johns island,249
johnsburg,144
johnson,26
johnson canyon,1
johnson city,510
johnson creek,27
johnson lake,8
johnson valley,42
johnsonburg,7
johnsons bayou,15
johnsonville,48
johnston,486
johnston city,27
johnstown,742
johnstown township,1
joice,2
joliet,842
joliett,1
jolivue,1
jolly,2
jonancy,4
jonas ridge,2
jones,122
jones creek,33
jones mills,3
jonesboro,925
jonesborough,144
jonesburg,22
jonese,2
jonesfield township,1
jonesport,11
jonestown,85
jonesville,108
joplin,410
joppa,122
jordan,88
jordan valley,3
jordanville,1
joseph,48
joseph city,11
josephine,66
joshua,112
joshua tree,330
jourdanton,62
joy,3
joy bluff rd,1
joyce jean dr fairbanks,6
joyce rd,1
juana diaz,17
jud,1
juda,11
judith gap,4
judsonia,34
julesburg,19
juliaetta,9
julian,143
juliette,35
juliustown,3
jumping branch,17
juncos,27
junction,25
junction city,540
june lake,10
juneau,138
jungo road,1
juniata,8
juniata township,1
junior,3
juniper flats,10
juniper hills,51
juno beach,54
jupiter,545
jupiter inlet colony,5
jurupa valley,357
justice,36
justiceburg,64
justin,117
kaaawa,9
kabetogama,1
kagel canyon,10
kahlotus,1
kahoka,3
kahuku,27
kahului,51
kailua,109
kailua kona,232
kaiser,17
kaiser unit 17 rio rancho,1
kake,3
kakhonak,2
kala circle,3
kalaheo,23
kalama,93
kalamazoo,468
kaleva,21
kalida,2
kalispell,600
kalkaska,102
kalona,115
kamas,147
kamay,2
kamiah,64
kampsville,7
kamrar,3
kamuela,98
kanab,94
kanarraville,20
kanawha,6
kandiyohi,7
kane,23
kane springs,1
kaneohe,103
kankakee,328
kannapolis,212
kanopolis,2
kanosh,2
kansas,85
kansas city,2557
kansasville,32
kapaa,88
kapaau,21
kaplan,58
kapolei,137
karlstad,2
karnack,55
karnak,4
karnes city,8
karns city,11
karthaus,5
karval,1
kasaan,1
kasilof,35
kasota,12
kasson,61
kathio township,2
kathleen,371
kathryn,1
katonah,20
kattskill bay,3
katy,3769
katy drive overlook greenbrier,1
kauai,1
kaufman,134
kaukauna,172
kaunakakai,52
kauneonga lake,6
kaw city,1
kawaihae,1
kawkawlin,9
kaycee,9
kaysville,44
keaau,206
kealakekua,47
keansburg,83
kearney,230
kearney township,2
kearneysville,92
kearns,6
kearny,89
keasbey,6
keatchie,3
keaton beach,23
keauhou,1
keauhou honalo mauka,1
keavy,24
kechi,5
keddie,1
keedysville,39
keefeton,1
keego harbor,8
keeling,8
keene,113
keene valley,5
keenesburg,40
keeneyville,1
keeseville,27
keewatin,8
keezletown,10
kego,1
keithsburg,2
keithville,67
keizer,143
kekaha,8
kelayres,5
kelford,6
kell,5
keller,303
kelley,10
kelleys island,30
kelliher,5
kellnersville,1
kellogg,48
kelly,9
kelly lake,3
kellyton,2
kellyville,33
kelsey,1
kelseyville,277
kelso,231
kemah,78
kemmerer,16
kemp,186
kempner,131
kempster,2
kempton,20
kenai,40
kenansville,24
kenbridge,29
kendalia,7
kendall,15
kendall park,11
kendallville,28
kendelton,2
kendleton,14
kendrick,16
kenduskeag,5
kenedy,38
kenefic,11
kenefick,7
kenesaw,7
kenilworth,88
kenly,35
kenmare,7
kenmore,348
kenna,9
kennan,5
kennard,29
kennebunk,17
kennebunkport,23
kennedale,73
kennedy,13
kennedy meadows,6
kennedyville,6
kenner,161
kennerdell,11
kennes,5
kennesaw,371
kenneth,3
kenneth city,58
kennett,40
kennett square,172
kennewick,521
kenney,3
keno,9
kenockee,2
kenockee township,6
kenosha,416
kenova,14
kenoza lake,5
kensett,4
kensington,237
kent,960
kent city,21
kent lakes,1
kentfield,32
kentland,1
kenton,43
kents store,16
kentwood,167
kenwood,22
kenyon,30
keokee,2
keokuk,116
keosauqua,18
keosauqua dr cherokee village,1
keota,23
kerby,5
kerens,40
kerhonkson,73
kerman,27
kermit,42
kern,4
kernersville,558
kernville,29
kerrick,2
kerrville,455
kersey,27
kershaw,29
kershaw ryan state park entrance,1
keshena,18
keswick,125
ketchikan,102
ketchum,49
kettenpom,3
kettering,126
kettle falls,113
kettle river,8
kettleman city,3
kettlersville,2
keuka park,1
kevil,17
kevin,1
kew garden hills,7
kew gardens,174
kew gardens hills,96
kewadin,60
kewanee,28
kewanna,8
kewaskum,48
kewaunee,35
key biscayne,280
key colony,20
key largo,322
key west,337
keyes,14
keyesport,7
keymar,16
keyport,54
keyser,91
keystone,168
keystone heights,355
keysville,53
keytesville,11
kiahsville,1
kiamesha lake,3
kiamichi wilderness moyers,1
kiawah island,99
kidder,8
kidder township south,6
kiefer,16
kiel,57
kieler,1
kiester,7
kihei,364
kila,16
kilauea,28
kilbourne,2
kildare,8
kildare township,1
kildeer,50
kilgore,118
kilkenny,10
kill buck,4
kill devil hills,151
killbuck,1
killdeer,20
killeen,1768
killen,92
killian,3
killingly,77
killington,98
killingworth,33
kilmarnock,98
kilmichael,7
kiln,74
kim,1
kimball,69
kimball t wi,1
kimball township,25
kimballton,2
kimberling city,122
kimberly,258
kimbolton,27
kimmell,2
kimmswick,1
kimper,8
kinard,5
kincaid,21
kincheloe,4
kinde,3
kinder,26
kinderhook,68
kinderhook village,1
kindred,3
kineo township,2
king,201
king ave,1
king city,118
king ferry,4
king george,340
king hill,1
king of prussia,124
king salmon south,1
king william,37
kingdom city,9
kingfield,8
kingfisher,53
kinglsand,1
kingman,1349
kingman township,2
kings beach,21
kings mountain,207
kings park,63
kingsburg,89
kingsbury,64
kingsbury plt,1
kingsdale,3
kingsford,11
kingsford heights,5
kingshill,50
kingsland,349
kingsley,141
kingsport,415
kingston,1195
kingston springs,18
kingstree,36
kingsville,229
kingwood,222
kingwood estates,1
kingwood township,27
kinmundy,7
kinnear,5
kinnelon,80
kinneys 1st addition thermopolis,3
kinneys 1st addn thermopolis,2
kinneys1st addn thermopolis,3
kinnickinnic,3
kinross,14
kinsale,27
kinsey,1
kinsley,7
kinsman,16
kinston,188
kinta,10
kintnersville,7
kinzers,5
kiowa,40
kipp,1
kipton,2
kirby,25
kirbyville,81
kirkland,899
kirklin,8
kirkman,1
kirksey,3
kirksville,147
kirkville,16
kirkwood,193
kirtland,81
kirtland hills,2
kirwin,1
kismet,8
kissee mills,6
kissimmee,3543
kissimmee saint cloud,1
kite,4
kittanning,58
kittery,15
kittitas,12
kittredge,5
kittrell,8
kitts hill,9
kitty hawk,59
kitzmiller,2
klamath,7
klamath falls,484
klamath glen,1
klamath river,13
klawock,4
kleinfeltersville,1
klemme,3
klickitat,5
klingerstown,2
klondike,8
knapp,7
kneeland,6
knife lake,1
knife river,3
knightdale,42
knights ferry,6
knights landing,3
knightsen,9
knightstown,18
knightsville,4
knippa,4
knob lick,1
knob noster,41
knobel,3
knollwood,1
knotts island,14
knowlesville,5
knowlton,26
knox,77
knox city,9
knox dale,1
knoxboro,1
knoxville,3291
kochville,3
kochville township,2
kodak,109
kodiak,35
kodiak island,1
koehler township,2
kohala coast,1
kohler,65
kohls ranch,1
kokomo,172
koloa,91
kolob,1
konawa,18
kooskia,29
kootenai,5
koppel,4
kopperl,16
korbel,1
kortright,23
kosciusko,52
koshkonong,16
kosse,20
kountze,127
kouts,17
koylton township,9
krakow,3
kramer,3
kramer junction,27
kratowicz rd,1
krebs,13
kremlin,5
kremmling,33
kresgeville,4
kress,1
kronenwetter,48
krugerville,9
krum,78
kualapuu,2
kula,57
kulm,1
kulpmont,10
kuna,430
kunkle,1
kunkletown,109
kure beach,33
kurtistown,53
kuttawa,33
kutztown,44
kyburz,4
kyle,289
kylertown,2
kyles ford,5
l ave,1
l'anse,31
l1b1 highway 140 clinton,1
la 448,1
la barge,21
la belle,11
la blanca,6
la canada flintridge,106
la center,81
la cienega,1
la conchita,2
la conner,38
la crescent,47
la crescenta,110
la crosse,194
la cygne,23
la farge,7
la fargeville,13
la fayette,28
la feria,41
la follette,234
la follette township,2
la fontaine,2
la grande,78
la grange,502
la grange highlands,10
la grange park,56
la grange unincorp,2
la grulla,3
la habra,293
la habra heights,74
la harpe,13
la honda,21
la jara,9
la jolla,412
la jose,3
la joya,23
la junta,35
la luz,42
la madera,2
la marque,195
la mesa,497
la mesilla,7
la mirada,216
la moille,6
la monte,2
la motte,2
la palma,41
la paz valley,1
la pine,262
la plata,314
la plume,1
la pointe,6
la porte,529
la porte city,14
la prairie,8
la pryor,2
la puebla,1
la puente,252
la quinta,504
la rose,1
la rue,4
la russell,4
la sal,33
la salle,45
la selva beach,12
la tuna canyon,1
la union,2
la valle,93
la vergne,82
la verkin,12
la verne,194
la vernia,121
la veta,55
la vista,25
la ward,2
labadie,53
labadieville,7
labelle,699
labelle rd,1
lac du,1
lac du flambaeu,1
lac du flambeau,41
lacassine,4
lacey,578
lacey township,1
laceys spring,6
laceyville,13
lachine,23
lackawanna,78
lackawanna county,3
lackawaxen,78
lackey,2
laclede,3
lacombe,62
lacon,32
lacona,24
laconia,77
lacoste,12
lacrosse,4
lacy lakeview,8
ladd,7
laddonia,4
ladera heights,9
ladera ranch,148
ladoga,9
ladonia,17
ladora,2
ladson,98
ladue,48
lady lake,283
lady's island,13
ladys island,2
ladysmith,52
laerdo,1
lafayette,1899
lafayette hill,29
lafayette township,1
lafe,1
lafferty,3
lafitte,20
laflin,4
lafox,2
lago vista,218
lagrange,398
lagrangeville,83
lagro,2
laguna,25
laguna beach,284
laguna hills,184
laguna niguel,433
laguna park,3
laguna vista,109
laguna woods,547
lagunitas,5
lahaina,378
lahmansville,1
lahoma,16
laie,8
laingsburg,55
laird township,2
lairdsville,1
lajas,11
lake,92
lake alan henry,1
lake alfred,110
lake almanor,133
lake almanor peninsula,1
lake almanor west,10
lake aluma,1
lake andes,1
lake ann,22
lake ariel,362
lake arrowhead,582
lake arthur,34
lake balboa,111
lake barrington,77
lake benton,4
lake blackshear,1
lake bluff,85
lake bridgeport,2
lake brownwood,3
lake butler,94
lake byron,5
lake california,4
lake carroll,74
lake cavanaugh,2
lake charles,1348
lake city,997
lake clarke shores,16
lake clear,6
lake como,11
lake cormorant,29
lake creek,7
lake crystal,17
lake dallas,39
lake davis,2
lake delton,15
lake eddins,1
lake elizabeth,40
lake elmo,168
lake elsinore,1124
lake flat ln,1
lake forest,816
lake forest park,95
lake frederick,59
lake geneva,341
lake george,107
lake george village,3
lake gogebic marenisco,1
lake grove,47
lake hallie,3
lake hamilton,14
lake harmony,115
lake havasu,26
lake havasu city,1360
lake helen,47
lake hill,2
lake holcombe,2
lake holiday,34
lake hopatcong,1
lake hughes,42
lake huntington,4
lake in the hills,276
lake isabella,204
lake ivie,1
lake jackson,209
lake jb thomas,1
lake junaluska,24
lake katrine,14
lake kiowa,14
lake lafayette,3
lake leelanau,38
lake lillian,11
lake linden,4
lake los angeles,75
lake lotawana,33
lake lure,404
lake luzerne,36
lake lynn,9
lake mary,185
lake mathews,27
lake mcqueeney,1
lake metigoshe,5
lake mills,67
lake milton,54
lake montezuma,1
lake murvaul,1
lake nebagamon,14
lake norden,6
lake odessa,16
lake of the pines,1
lake orion,9
lake oswego,391
lake ozark,180
lake panasoffkee,98
lake park,129
lake park dr,1
lake peekskill,8
lake placid,1213
lake pleasant,8
lake poinsett,2
lake point,8
lake preston,2
lake providence,7
lake quivira,3
lake roberts,2
lake ronkonkoma,29
lake saint croix beach,9
lake saint louis,248
lake sherwood,20
lake shore,23
lake spivey,3
lake station,16
lake stevens,519
lake success,1
lake summerset,69
lake suzy,43
lake talquin,1
lake tapawingo,2
lake tapps,157
lake thunderbird,1
lake tomahawk,15
lake toxaway,185
lake tschida,1
lake victor,6
lake view,44
lake view plt,3
lake view terrace,18
lake villa,145
lake village,41
lake waccamaw,53
lake wales,577
lake waukomis,3
lake wildwood,1
lake winnebago,6
lake winola,11
lake worth,761
lake worth beach,252
lake wylie,57
lake zurich,123
lakebay,75
lakefield,7
lakehead,31
lakehills,102
lakehurst,6
lakeland,2519
lakeland shores,1
lakeland township,2
lakeline,2
lakemont,50
lakemoor,50
lakemoor sub no 7 eagle,1
lakemore,64
lakengren,12
lakeport,199
lakeport township,1
lakeshire,1
lakeshore,8
lakeshore dr,3
lakeshore sub lewellen,1
lakeside,579
lakeside circle mountain home,2
lakeside city,1
lakeside dr,1
lakeside dr fairfield bay,1
lakeside dr unit,1
lakeside marblehead,34
lakeside park,36
lakeside trl,1
lakesite,4
laketown,8
lakeview,267
lakeview estates dr belton,3
lakeville,878
lakeway,49
lakewood,2038
lakewood dr cary,1
lakewood ranch,275
lakewood rch,3
lakewood township,1
lakewood village,5
lakin,14
lakota,2
lama,6
lamar,128
lambert,1
lamberton,9
lambertville,130
lambsburg,5
lamesa,33
lamoille,3
lamoine,5
lamoni,17
lamont,32
lamoure,2
lampasas,187
lampe,76
lamy,27
lanagan,3
lanai city,3
lanark,8
lanark village,28
lancaster,4587
lancing,27
land o lakes,687
land o lakes t wi,1
land o' lakes,2
landenberg,52
lander,67
landers,71
landgraff,1
landgrove,2
landing,1
landingville,1
landis,16
landisburg,12
landisville,64
landover,97
landrum,260
landusky,1
lane,19
lane city,2
lanesboro,9
lanesborough,48
lanesville,16
lanett,52
laneview,5
laneville,18
lanexa,65
langdon,12
langeloth,4
langhorne,121
langlade,1
langley,88
langlois,19
langston,17
langsville,6
langtry,4
lanham,162
lanham seabrook,5
lanier township,2
lannon,45
lanoka harbor,37
lansdale,217
lansdowne,121
lanse,2
lansford,29
lansing,1663
lantana,138
laona,14
laotto,4
lapaz,1
lapeer,86
lapel,7
lapine,4
laplace,120
lapoint,7
laporte,39
lapwai,5
laquey,15
larabee valley,2
laramie,142
larchmont,51
larchwood,2
laredo,492
lares,12
largo,1022
larimer,1
larimore,5
larkin township,1
larkspur,90
larksville,22
larned,57
larose,20
larrabee,1
larsen,19
larsen bay,2
larto,1
larue,35
larwill,2
las animas,21
las cruces,687
las marias,6
las nutrias,1
las palomas,5
las piedras,23
las vegas,3420
lasalle,76
lasara,6
lascassas,10
lashmeet,1
lassen ave,1
lastrup,2
latah,9
latexo,3
latham,7
lathrop,226
lathrup village,6
latimer,5
latir,1
laton,10
latonia,10
latrobe,128
latta,42
lattimer mines,1
lattingtown,9
lauderdale,24
lauderdale by the sea,113
lauderdale lakes,233
lauderhill,521
laughlin,62
laughlintown,5
laupahoehoe,7
laura,7
laurel,966
laurel bloomery,7
laurel county,4
laurel fork,15
laurel hill,122
laurel hollow,8
laurel park,32
laurel run,2
laurel springs,80
laureldale,6
laurelton,41
laurelville,13
laurence harbor,7
laurens,190
laurie,19
laurier,2
laurinburg,157
laurium,2
laurium vlg,1
laurys station,15
lava hot springs,31
lavaca,14
lavale,38
lavalette,6
lavallette,74
laveen,390
laveen village,12
lavelle,1
laverne,13
lavina,5
lavinia,1
lavon,88
lavonia,93
lawai,3
lawler,2
lawler ave lombard,1
lawley,1
lawn,15
lawndale,148
lawnside,18
lawren,7
lawrence,559
lawrence park,4
lawrence township,41
lawrenceburg,434
lawrenceville,1104
lawson,16
lawsonville,9
lawtell,1
lawtey,26
lawton,372
lawtons,4
layland,1
layton,193
laytonsville,13
laytonville,45
lazy lake,1
le center,15
le claire,76
le grand,23
le mars,24
le ray township,1
le raysville,5
le roy,104
le sueur,57
leaburg,12
leachville,6
lead,141
lead hill,28
leadore,7
leadville,80
leadwood,9
leaf lake township,1
leaf river,8
league city,805
leakesville,20
leakey,22
leal,1
leamington,1
leander,292
leasburg,23
leavenworth,265
leavittsburg,20
leawood,152
lebanon,1710
lebanon junction,16
lebanon twp.,1
lebec,30
lebo,5
leburn,8
lecanto,230
leck kill,1
lecompte,14
lecompton,14
lecontes mills,1
ledbetter,91
ledger,4
ledgewood,1
ledyard,82
lee,196
lee center,8
lee mont,1
lee vining,3
lee's summit,583
leechburg,60
leedey,11
leeds,172
leeper,5
leesburg,2007
leesport,47
leesville,217
leeton,7
leetonia,31
leetsdale,13
leflore,7
legal thorne bay,1
leggett,19
lehi,991
lehigh,3
lehigh acres,6161
lehigh township,12
lehighton,69
lehighton borough,5
lehman,7
leicester,236
leighton,8
leimert park,1
leipsic,10
leitchfield,118
leivasy,3
leland,922
lelia lake,1
lemasters,2
lemay,3
lemington,1
lemitar,7
lemmon,9
lemon grove,190
lemon township,9
lemont,172
lemont furnace,4
lemoore,145
lemoyne,37
lempster,3
lena,61
lenapah,2
lenexa,217
lengby,10
lenhartsville,8
lennep,1
lennon,11
lennon vlg,2
lennox,22
lenoir,463
lenoir city,242
lenora,1
lenorah,1
lenore,25
lenox,131
lenox township,16
lenoxville,2
lenzburg,1
leo,14
leola,47
leoma,26
leominster,256
leon,36
leon county,2
leon valley,14
leona,10
leona valley,43
leonard,79
leonard vlg,1
leonardo,20
leonardsville,3
leonardtown,187
leonardville,8
leoni township,5
leonia,13
leonidas,2
leonore,1
leonville,1
leopold,2
leopolis,16
leota,1
leoti,2
lepanto,2
lequire,2
lerna,1
lerona,3
leroy,45
lesage,10
leslie,69
lester,3
lester prairie,18
lesterville,10
letart,2
letohatchee,2
letona,5
letts,8
levan,4
levant,7
level plains,1
levelland,49
levels,7
leverett,11
levering,13
levittown,422
lewellen,18
lewes,681
lewis,36
lewis center,94
lewis run,3
lewis township,4
lewisberry,54
lewisboro,2
lewisburg,307
lewisport,23
lewiston,535
lewiston woodville,1
lewistown,143
lewisville,746
lexa,3
lexington,3245
lexington dr,1
lexington park,257
lexington township,4
leyden,6
leyden township,5
libby,88
liberal,123
liberty,668
liberty center,40
liberty corner,1
liberty eylau,1
liberty hill,155
liberty lake,184
liberty township,210
libertyville,219
licking,57
lidderdale,1
lido beach,32
lien township,3
lighthouse point,108
lignite,1
lignum,21
ligonier,92
lihue,43
likely,1
lilac dr pequot lakes,2
lilbourn,4
lilburn,334
lilesville,18
lillian,174
lillington,111
lilliwaup,15
lilly,12
lily,24
lilydale,4
lima,366
lima township,1
limaville,1
lime lake township,8
lime springs,3
lime township,1
limerick,14
limestone,68
limington,16
limon,14
lincklaen,1
lincoln,2594
lincoln city,242
lincoln heights,20
lincoln park,144
lincoln plt,1
lincoln township,9
lincoln university,54
lincolndale,2
lincolnshire,82
lincolnton,554
lincolnville,21
lincolnwood,67
lincroft,35
lind,4
lind hatton rd hampton rd,1
linda,44
linda vista,2
lindale,276
linden,492
lindenhurst,284
lindenwold,72
lindenwood,1
lindenwood howard beach,1
lindley,5
lindon,7
lindrith,1
lindsay,99
lindsborg,45
lindsey,6
lindside,9
lindstrom,62
lindy,2
line lexington,7
linesville,35
lineville,60
lingle,1
linkwood,3
linn,15
linn creek,41
linn grove,3
linn valley,24
linndale,1
linneus,12
lino lakes,182
linthicum,8
linthicum heights,77
linton,35
linville,69
linville falls,8
linwood,104
lipan,50
lipscomb,7
lisbon,188
lisle,268
lisman,1
lismore,1
lissie,3
litchfield,232
litchfield park,311
litchville,1
lithia,361
lithia springs,109
lithon,1
lithonia,653
lithopolis,3
lititz,268
littcarr,2
little birch,2
little canada,66
little chute,24
little compton,30
little egg harbor,116
little egg harbor township,89
little elm,501
little falls,218
little ferry,24
little flock,10
little genesee,2
little hocking,18
little marsh,1
little meadows,10
little mountain,3
little neck,115
little norway,3
little orleans,5
little plymouth,10
little river,544
little river academy,10
little rock,872
little silver,35
little sioux,1
little suamico,31
little switzerland,28
little torch,22
little torch key,1
little valley,22
little york,3
littlefield,54
littlefork,15
littlerock,122
littlestown,85
littleton,871
littleville,3
live oak,519
lively,5
livengood,1
livermore,775
livermore falls,12
liverpool,320
livingston,1195
livingston manor,42
livonia,112
livonia township,1
lizella,127
lizemores,3
lizton,5
llano,221
llewellyn,4
lloyd harbor,13
lloyd neck,4
lloyd road,1
loa,2
load,1
loami,3
lobeco,1
lobelville,9
loblolly ln henderson,1
lobo,1
loch arbour village,2
loch lloyd,14
loch lomond,13
loch lynn heights,1
loch sheldrake,7
lochbuie,26
lock haven,60
lockbourne,10
locke,7
locke township,1
lockeford,19
lockesburg,4
lockhart,100
lockland,8
lockney,5
lockport,707
lockridge,5
lockwood,45
loco,1
locust,76
locust dale,1
locust fork,14
locust grove,670
locust hill,14
locust valley,42
locustville,1
loda,27
lodge,1
lodge grass,2
lodgepole,4
lodi,697
lodi township,7
lodoga,1
log cabin,14
log lane village,6
logan,297
logan heights,1
logandale,24
logansport,57
loganton,5
loganv,3
loganville,568
logsden,2
lohman,2
lohn,4
lohrville,4
loiza,20
loleta,1
lolita,10
lolo,23
loma,31
loma linda,116
loma mar,2
loma rica,20
loman,1
lomax,5
lombard,369
lometa,35
lomira,22
lomita,91
lompoc,110
lonaconing,9
london,542
london mills,1
london township,3
londonderry,59
lone grove,50
lone jack,26
lone oak,51
lone pine,3
lone pine canyon rd,1
lone rock,10
lone star,17
lone tree,65
lone wolf,2
lonedell,14
lonepine,1
long barn,18
long beach,2638
long beach township,133
long bottom,5
long branch,165
long creek,7
long eddy,3
long grove,107
long hill township,65
long island,6
long island city,74
long key,7
long lake,31
long lane,3
long neck,23
long pine,4
long point,3
long pond,83
long prairie,25
long valley,6
long view dr,1
longboat key,253
longbranch,40
longdale,9
longmeadow,92
longmont,580
longport,16
longs,338
longswamp,1
longton,4
longtown,2
longvale,2
longview,775
longville,98
longwood,263
lonoke,48
lonsdale,85
loogootee,11
lookeba,2
lookout,11
lookout mountain,45
loomis,127
loon lake,50
loon rapids rd,1
looneyville,2
lopatcong,59
lopez,3
lopez island,25
lorain,488
lorain township,1
loraine,8
lorane,5
loranger,40
lords valley,139
lordsburg,12
lordstown,8
lore city,29
loreauville,6
lorena,43
lorenzo,3
loretta,2
loretto,37
lorida,40
lorimor,11
loris,308
lorman,5
lorraine,11
lorton,248
los alamitos,45
los alamos,95
los altos,173
los altos hills,63
los angeles,8984
los banos,238
los chaves,5
los chavez,1
los ebanos,3
los fresnos,99
los gatos,398
los gatos mtns scz,1
los indios,3
los luceros,3
los lunas,691
los molinos,57
los montoyas,2
los ojos,12
los olivos,4
los osos,67
los ranchos,45
losantville,2
lost camp trail lead,1
lost camp trl lead,1
lost camp valley lead,2
lost city,5
lost creek,24
lost hills,28
lost nation,4
lost river,8
lost springs,2
lostant,10
lostine,4
lot 7 huffman rd lot wisconsin rapids,1
lothian,45
lott,20
lottie,3
lottsburg,36
lotus,9
louann,2
loudon,332
loudonville,44
louin,4
louisa,289
louisburg,166
louise,21
louisiana,35
louisville,2987
loup city,6
louviers,1
lovejoy,18
lovelady,42
loveland,748
lovell,23
lovells,2
lovelock,91
lovely,5
loves park,129
lovettsville,86
loveville,2
lovilia,7
loving,9
lovingston,9
lovington,64
low moor,2
lowden,6
lowell,882
lowellville,32
lower gwynedd,15
lower lake,77
lower macungie township,7
lower milford township,3
lower mt bethel,1
lower mt bethel township,4
lower nazareth township,4
lower salem,5
lower saucon township,15
lower towamensing tp,2
lower township,36
lowesville,1
lowgap,22
lowhill township,1
lowland,4
lowman,8
lowmansville,1
lowndes,2
lowndes county,1
lowndesboro,13
lowndesville,6
lowpoint,1
lowry,3
lowry city,6
lowry crossing,8
lowville,60
loxahatchee,243
loxahatchee groves,20
loxley,133
loyal,13
loyalhanna,5
loyall,4
loyalton,13
loysville,9
lozano,1
luana,1
lubbock,1042
lubec,33
lublin,4
lucama,21
lucas,93
lucasville,22
lucedale,192
lucerne,106
lucerne valley,366
lucernemines,3
lucien,1
lucile,5
lucinda,1
luck,25
luckey,3
ludell,1
ludington,102
ludlow,281
ludlow falls,3
ludowici,155
luebbering,2
lueders,1
lufkin,201
lugoff,25
lula,95
luling,165
lulu,4
lumber bridge,16
lumber city,3
lumberport,8
lumberton,593
lumberton township,1
lumberville,1
lummi island,26
lumpkin,8
luna,2
luna pier,5
lund,7
lunenburg,102
lunenburg court house,1
lupton,21
lupton city,1
luquillo,21
luray,179
lurton,2
lusby,304
lusk,16
lutcher,5
luther,88
luthersburg,2
luthersville,23
lutherville timonium,274
lutsen,23
luttrell,16
lutts,2
lutz,565
luveren,1
luverne,48
luxemburg,55
luxora,2
luzerne,20
luzerne county,9
lyannas rd,1
lyden,1
lydia,1
lyerly,10
lyford,12
lykens,20
lyle,46
lyles,29
lyman,247
lyme,24
lynbrook,113
lynch,7
lynch station,87
lynchburg,487
lynd,4
lyndeborough,6
lynden,151
lyndhurst,222
lyndon,40
lyndon station,21
lyndon township,8
lyndonville,33
lyndora,3
lynn,409
lynn center,5
lynn haven,233
lynn township,1
lynnfield,54
lynnville,28
lynnwood,565
lynwood,185
lynx,3
lynxville,1
lyon,1
lyon mountain,8
lyon township,46
lyons,229
lyons falls,29
lysander,18
lysite,1
lytle,49
lytle creek,15
m ave,1
mabank,281
mabel,12
mabelvale,40
maben,8
mabie,3
mablet,2
mableton,324
mabscott,2
mabton,15
macarthur,2
macatawa,1
macclenny,89
macclesfield,8
macdoel,17
macedon,40
macedonia,85
maceo,10
macfarlan,3
machesney park,110
machias,31
machiasport,13
machipongo,34
mack,19
mack's creek,1
mackay,16
mackinac island,32
mackinaw,24
mackinaw city,14
macks creek,21
macksburg,4
macksville,1
mackville,3
macomb,224
macomb township,125
macon,1999
macon township,1
macungie,31
macwahoc plt,1
macy,8
mad river,19
mad river township,7
madawaska,19
madawaska lake township,1
madbury,3
madeira,36
madeira beach,189
madelia,6
madeline,10
madera,369
madge township,2
madigan rd,2
madill,45
madison,3020
madison county,9
madison heights,134
madison lake,40
madison township,40
madisonville,352
madras,226
madrid,68
madrid twp,4
maeser,5
magali cir brownsville,1
magalia,181
magazine,14
magdalena,52
magdelana,1
magee,101
maggie valley,283
magna,92
magnet,1
magnet cove,2
magnetic springs,1
magnifico pl hot springs village,1
magnolia,1326
magnolia springs,43
mahanoy city,19
mahanoy plane,1
maher,1
mahnomen,3
mahomet,109
mahoning,13
mahopac,48
mahtomedi,49
mahtowa,5
mahwah,77
maiden,98
maiden rock,11
maidens,46
maidsville,40
main,1
maine,5
mainesburg,5
maineville,37
maitland,81
maize,59
majestic cir maumelle,1
majestic hills dr blanco,1
makanda,28
makawao,46
makinen,9
makoti,1
malabar,92
malad city,63
malaga,55
malakoff,68
malba,14
malcolm,3
malcom,2
malden,260
malden bridge,2
malden on hudson,5
malibu,434
malin,9
malinta,2
mallard,1
mallard ln belle plaine,18
mallory,2
malo,2
malone,134
malott,4
maloy,1
malta,179
malta bend,1
malvern,332
malverne,36
mamakating,9
mamaroneck,62
mammoth,17
mammoth cave,27
mammoth creek,5
mammoth lakes,106
mammoth spring,71
mamou,15
man,2
manahawkin,179
manakin sabot,132
manalapan,244
manasquan,71
manassa,6
manassas,886
manassas park,111
manati,26
manatí,1
manawa,23
mancelona,88
manchaca,12
manchester,1177
manchester township,33
mancos,50
mandan,214
mandaree,6
manderson,1
mandeville,249
mangham,12
mangilao,149
mangonia park,9
mangum,21
manhasset,73
manhasset hills,7
manhattan,1663
manhattan beach,183
manheim,109
manila,31
manilla,11
manistee,139
manistique,36
manito,9
manitou,3
manitou beach,26
manitou springs,40
manitowish waters,16
manitowoc,154
manix,1
mankato,329
manley,1
manley hot springs,3
manlius,136
manly,20
mannford,39
manning,189
mannington,25
manns choice,11
manns harbor,6
mannsville,10
manor,181
manorhaven,2
manorville,99
manquin,9
mansfield,1279
manson,135
mansura,35
mantachie,28
manteca,642
mantee,7
manteno,103
manteo,73
manti,14
mantoloking,50
manton,65
mantorville,16
mantua,118
manvel,511
manville,69
many,142
many rock rd,1
manzanita,27
manzano,4
manzanola,5
maple,11
maple city,26
maple falls,67
maple glen,6
maple grove,422
maple grove township,2
maple heights,293
maple hill,58
maple lake,47
maple park,46
maple plain,4
maple plain township,5
maple rapids,5
maple ridge,1
maple ridge township,4
maple shade,74
maple springs,1
maple valley,290
maplesville,16
mapleton,317
mapleton depot,4
maplewood,405
mappsville,10
maquoketa,23
maquon,1
maramec,4
marana,968
marathon,254
marathon township,7
marble,110
marble city,5
marble cliff,1
marble falls,124
marble hill,29
marble rock,2
marblehead,136
marblemount,15
marbleton,17
marbletown,3
marbury,24
marceline,8
marcell,14
marcella,2
marcellus,52
marchand,1
marco island,578
marcola,17
marcus,10
marcus hook,94
marcy,29
mardela springs,31
marengo,266
marenisco,14
marfa,14
margaret,25
margarettsville,1
margaretville,33
margate,430
margate city,5
marianna,206
mariaville,5
maribel,7
maricao,5
maricopa,1539
mariemont,13
marienville,6
mariet,13
marietta,2072
marilla,8
marina,73
marina del rey,228
marine,6
marine city,1
marine on saint croix,24
marinello rd,1
marinette,126
marinette c wi,1
maringouin,9
marion,1305
marion center,8
marion heights,2
marion oaks,1
marion station,31
marion township,50
marionville,21
mariposa,195
marissa,11
mark,9
marked tree,6
markesan,30
markey township,6
markham,94
markle,2
markleeville,22
markleton,10
markleville,15
markleysburg,5
marks,3
marksville,65
marland,1
marlboro,154
marlboro township,1
marlborough,242
marlette,20
marlin,55
marlin dr rapid city,1
marlinton,23
marlow,65
marlton,234
marmaduke,7
marmet,2
marmora,34
marne,6
maroa,6
marquand,7
marquette,122
marquette heights,9
marquez,54
marrero,175
marriott slaterville,6
marriottsville,32
mars,149
mars hill,279
marseilles,96
marshall,892
marshallberg,16
marshalls creek,1
marshalltown,236
marshallville,32
marshan township,1
marshfield,383
marshville,45
marsing,23
marston,6
marstons mills,63
mart,47
martell,22
martensdale,2
martha,4
marthasville,149
marthaville,3
martin,176
martin city,6
martin township,1
martindale,22
martinez,707
martins ferry,71
martinsburg,678
martinsdale,4
martinsville,336
martinton,6
martville,5
marvel,1
marvell,5
marvin,16
mary esther,76
marydel,16
maryland,39
maryland city,1
maryland heights,188
maryland line,1
maryneal,1
marysvale,8
marysville,1020
maryville,683
masardis,1
masaryktown,8
mascot,19
mascotte,98
mascoutah,53
mashpee,276
mason,331
mason city,234
mason neck,2
masontown,46
masonville,15
masonville township,3
maspeth,88
massapequa,197
massapequa park,66
massena,213
massey,5
massie township,3
massies mill,3
massillon,560
masters court sturgis,1
mastic,87
mastic beach,141
mastodon,1
mastodon township,5
masury,15
matador,2
matagorda,82
matamoras,70
matawan,86
matewan,2
mather,31
matherville,4
matheson,3
mathews,68
mathias,36
mathias township,3
mathis,83
mathiston,9
matinecock,4
matinicus isle plt,1
matlacha,30
matlacha isles,7
matlock,2
mattapoisett,71
mattaponi,6
mattawa,31
mattawamkeag,3
mattawan,102
matteson,108
matthews,357
mattituck,38
mattoon,97
mattydale,4
mauckport,6
maud,17
maugansville,8
mauk,8
mauldin,155
maumee,83
maumelle,193
maunabo,12
maunaloa,62
maupin,27
maurepas,43
maurertown,23
maurice,81
mauricetown,3
mauriceville,2
mauston,75
max,3
max meadows,44
maxatawny,1
maxbass,2
maxeys,2
maxfield,3
maxton,26
maxwell,37
maxwelton,6
may,44
may township,3
mayaguez,64
maybee,28
maybee vlg,21
maybell,5
maybrook,9
mayer,286
mayersville,4
mayesville,5
mayetta,1
mayfair,2
mayfield,167
mayfield heights,170
mayfield village,24
mayflower,39
mayhew,1
mayhill,16
mayking,1
maylene,35
maynard,93
maynardville,118
mayo,117
mayodan,24
maypearl,23
mayport,11
mays landing,224
mayslick,3
maysville,242
mayview,1
mayville,110
mayville vlg,1
maywood,207
maywood park,1
mazama,9
mazeppa,5
mazomanie,53
mazon,27
mc cordsville,10
mc lean,1
mcadenville,6
mcadoo,21
mcalester,342
mcalisterville,9
mcallen,560
mcallister,21
mcalpin,47
mcandrews,1
mcarthur,41
mcbain,14
mcbee,17
mcbride,1
mccall,218
mccall creek,9
mccalla,242
mccallsburg,7
mccamey,12
mccammon,17
mccarley,1
mccarr,2
mccaulley,5
mccausland,1
mccauslin crossing,2
mccaysville,46
mcclave,1
mccleary,35
mcclelland,1
mcclellandtown,8
mcclellanville,46
mccloud,133
mcclure,18
mccoll,11
mccomb,151
mcconnell,1
mcconnells,17
mcconnellsburg,55
mcconnelsville,50
mccook,51
mccook lake,3
mccool,4
mccool junction,1
mccoole,2
mccordsville,121
mccormick,381
mccoy,1
mccracken,1
mccrory,3
mccullom lake,3
mccune,4
mccurtain,7
mccutchenville,1
mcdade,20
mcdanel pl jerseyville,1
mcdaniel,6
mcdaniels,19
mcdavid,7
mcdavitt,1
mcdermitt,6
mcdermott,9
mcdonald,176
mcdono,3
mcdonough,806
mcdow dr jerseyville,13
mcdowell,11
mcelhattan,3
mcewen,30
mcewensville,1
mcfall,1
mcfarland,72
mcgaheysville,90
mcgees mills,4
mcgehee,8
mcgill,8
mcgrady,65
mcgrann,1
mcgrath,10
mcgraw,17
mcgregor,134
mcgrew,1
mcguffey,1
mchenry,774
mcintosh,52
mcintyre,4
mckean,23
mckee,47
mckees rocks,136
mckeesport,172
mckenna,4
mckenney,27
mckenzie,67
mckenzie bridge,5
mckinley township,10
mckinleyville,23
mckinney,796
mckinnon,1
mckittrick,4
mcknightstown,2
mclain,3
mclaughlin,1
mclean,691
mcleansboro,15
mcleansville,35
mclendon chisholm,37
mcleod,12
mcloud,99
mclouth,21
mcmahan,1
mcmechen,9
mcmillan,7
mcminnville,529
mcnabb,5
mcnary,1
mcnaughton,1
mcneal,41
mcneil,2
mcpherson,175
mcqueeney,33
mcrae,17
mcrae helena,35
mcsherrystown,13
mcveytown,23
meacham,7
mead,243
mead township,1
mead valley,3
meade,12
meadow,5
meadow bridge,3
meadow creek,1
meadow grove,2
meadow lake,11
meadow valley,2
meadow vista,63
meadowbrook,8
meadowbrook township,1
meadowlakes,12
meadowlands,4
meadows of dan,86
meadows place,25
meadowview,17
meadview,266
meadville,147
meally,3
means,1
meansville,32
mears,36
mebane,166
mecca,45
mechanic falls,7
mechanicsburg,957
mechanicstown,1
mechanicsville,955
mechanicville,88
mecklenburg,3
meckling,3
mecosta,17
medanales,17
medart,2
medaryville,7
meddybemps,2
medfield,72
medford,1246
medford lakes,13
media,258
mediapolis,28
medical lake,96
medicine bow,6
medicine lake,3
medicine lodge,22
medicine park,11
medimont,1
medina,516
medinah,18
medley,2
medo township,1
medon,8
medora,17
medusa,2
medway,77
meeker,77
meeks bay,3
meenon township,4
meeteetse,4
megargel,7
meggett,26
meherrin,20
mehlville,13
mehoopany,6
meigs,10
meigs township,6
meiners oaks,1
meire grove,3
melba,54
melbeta,1
melbourne,1661
melbourne bch,2
melbourne beach,175
melbourne village,2
melcher dallas,17
melcroft,1
melfa,28
melissa,192
mellen,13
melrose,309
melrose park,93
melstone,4
melvern,1
melville,94
melvin,11
melvindale,12
memphis,2346
mena,140
menahga,15
menan,10
menands,14
menard,13
menasha,238
mendenhall,23
mendham,44
mendham township,66
mendocino,35
mendon,83
mendota,55
mendota heights,81
menifee,1363
menlo,26
menlo park,263
menlo park terrace,14
menno,3
menoken,30
menominee,101
menomonee falls,234
menomonie,140
mentone,116
mentor,332
mentor on the lake,34
mequon,154
mer rouge,19
meraux,59
merced,651
mercedes,111
mercer,100
mercer island,140
mercersburg,73
mercerville,1
merchantville,22
mercury,3
meredith,75
meredosia,2
meridale,1
meriden,233
meridian,1422
meridian township,3
meridianville,93
merigold,2
merino,4
merion station,17
merizo,5
merkel,39
merlin,41
mermentau,1
merna,4
merom,2
merriam,22
merriam woods,18
merrick,164
merrick industrial park mountain home,4
merrifield,22
merrill,157
merrillan,10
merrillsville,10
merrillville,81
merrimac,91
merrimack,20
merrimon,2
merrionette park,8
merritt,88
merritt island,596
merry hill,46
merry point,2
merryville,16
mertens,2
merton,4
mertzon,2
mertztown,24
mesa,3251
meshoppen,13
mesic,1
mesick,46
mesilla,9
mesilla park,7
mesopotamia,1
mesquite,963
meta,2
metairie,434
metaline,4
metaline falls,5
metamora,124
metamora vlg,3
metcalf,4
methow,23
methuen,177
metolius,8
metropolis,76
mettawa,25
metter,46
metuchen,97
metz,1
mexia,85
mexican hat,1
mexico,190
mexico beach,142
meyer township,1
meyers chuck,11
meyersdale,15
meyersville,4
mi 48949,1
mi 49802,1
mi 49841,3
mi 49849,2
mi 49849 1624,1
mi 49911,1
mi 49911 999,2
mi 49938,1
mi wuk village,26
miami,9737
miami beach,2961
miami gardens,416
miami lakes,132
miami shores,107
miami springs,51
miami township,130
miamisburg,116
mica,17
micanopy,50
micco,51
michiana shores,6
michie,13
michigamme,14
michigan center,11
michigan city,144
mickleton,17
micks saint billings,7
mico,82
micro,3
middle amana,1
middle bass island,10
middle brook,25
middle granville,1
middle grove,6
middle island,100
middle mesa,1
middle point,2
middle river,186
middle smithfield township,9
middle torch,3
middle township,3
middle village,111
middleboro,137
middlebourne,5
middlebranch,1
middlebrook,12
middleburg,783
middleburg heights,50
middleburgh,58
middleburgh village,2
middlebury,88
middlebury center,8
middlefield,87
middlegrove,1
middleport,47
middlesboro,114
middlesex,160
middleton,713
middletown,1584
middletown springs,3
middletown township,2
middleville,106
midfield,62
midkiff,1
midland,1414
midland city,11
midland park,14
midlothian,1621
midpines,18
midtown,9
midvale,104
midville,20
midway,416
midway city,23
midway park,55
midwest,1
midwest city,532
miesville,1
mifflin,9
mifflinburg,32
mifflintown,30
mifflinville,5
mikado,7
mikana,1
milaca,47
milam,37
milan,320
milan township,1
milano,17
milanville,9
milbank,14
milbridge,13
milburn,7
mildred,4
miles,6
miles city,78
milesburg,6
milestown estates miles city,21
milfay,1
milford,1067
milford center,7
milford township,8
milford vlg,7
mililani,117
mill city,11
mill creek,198
mill drive,1
mill hall,28
mill neck,13
mill run,5
mill shoals,2
mill spring,166
mill valley,194
mill village,5
milladore,6
millard,4
millboro,7
millbrae,90
millbrook,158
millburn,145
millbury,82
millcreek,22
milledgeville,325
millen,42
millen township,1
miller,13
miller estates sub dietrich,2
miller place,72
miller township,1
millers,3
millers creek,65
millers ferry,1
millersburg,113
millersport,12
millerstown,25
millersview,3
millersville,195
millerton,46
millerville,1
millfield,3
millheim,6
milliken,124
millington,125
millinocket,20
millis,87
millmont,3
millport,5
millry,17
mills,35
mills river,135
mills township,2
millsap,41
millsboro,560
millsfield,1
millstadt,26
millston,1
millstone,54
millstone township,5
milltown,84
millville,448
millward north township,1
millwood,34
millwood township,1
milmay,8
milmont park,1
milner,76
milnor,44
milo,40
milo township,2
milolii,2
milpitas,380
milroy,33
milton,1815
milton center,2
milton freewater,83
milton township,4
miltona,27
miltonvale,7
milwaukee,3880
milwaukie,433
mimbres,65
mims,261
mina,5
minatare,6
minburn,3
minco,19
minden,252
minden city,1
minden township,3
mindoro,6
mine hill,39
mineola,241
mineral,310
mineral bluff,199
mineral city,14
mineral hill,3
mineral point,47
mineral ridge,32
mineral spgs,1
mineral springs,7
mineral sprs,1
mineral wells,163
mineralwells,42
minersville,53
minerva,71
minetto,4
mineville,4
minford,10
mingo,10
mingo junction,31
mingus,12
minier,17
minneapolis,3653
minneiska,3
minneola,206
minneota,4
minnesota city,7
minnesota falls township,1
minnesota lake,11
minnesott beach,46
minnetonka,374
minnetonka beach,4
minnetonka mills,1
minnetrista,115
minnick,1
minnie,1
minoa,20
minocqua,116
minong,27
minonk,8
minooka,91
minor hill,6
minot,373
minotola,8
minster,22
mint hill,238
mint spring,1
minter city,2
minto,1
minturn,7
mio,30
miracle,5
miramar,461
miramar beach,370
miramonte,13
miranda,11
mirando city,3
miromar lakes,48
misery township,1
mishawaka,78
mishicot,6
mission,598
mission creek township,1
mission hill,2
mission hills,91
mission hills san fer,4
mission viejo,609
mission woods,1
missoula,548
missouri city,995
missouri river,1
missouri valley,32
mitchell,116
mitchell township,1
mitchells,2
mitchellville,41
mittie,2
mize,11
mizpah,4
moab,101
moapa,18
moatsville,13
mobeetie,1
moberly,65
mobile,866
mobile rv estates,1
mobridge,12
moca,13
mocanaqua,3
moccasin,2
mocksville,181
moclips,15
modale,2
model,8
modena,40
modest town,2
modesto,1678
modjeska canyon,6
modoc,9
moffat,24
mogadore,77
mohall,10
mohave valley,231
mohawk,75
mohegan lake,26
mohnton,51
mohrsville,12
moiese,2
moira,8
mojave,166
mokane,5
mokelumne hill,31
mokena,140
molalla,94
molena,30
molina,4
moline,243
moline acres,3
molino,30
mollusk,6
moloaa,1
molt rapelje,6
molunkus township,2
momence,47
mona,8
monaca,83
monahans,89
monarch,9
monaskon,1
moncks corner,230
monclova,49
moncure,9
mondamin,3
mondovi,21
monee,103
monessen,55
moneta,463
monett,76
monetta,11
monette,6
mongaup valley,5
mongmong toto maite,8
monhegan island plt,1
monico,7
monitcello,2
monitor,2
monkey island,21
monkton,38
monmouth,171
monmouth beach,37
monmouth junction,16
mono city,2
monon,15
monona,54
monongah,6
monongahela,47
monroe,2876
monroe center,8
monroe city,46
monroe township,55
monroeton,6
monroeville,295
monrovia,346
monsey,26
monson,75
mont alto,16
mont belvieu,248
mont clare,19
mont vernon,9
montague,300
montalba,12
montana city,18
montara,29
montauk,74
montclair,338
monte alto,13
monte rio,39
monte sereno,36
monte vista,40
monteagle,66
montebello,117
montecito,24
montecito heights,1
montegut,13
montell,1
montello,145
monterey,470
monterey park,162
monterville,4
montesano,71
montevallo,71
montevideo,45
montezuma,85
montfort,8
montgomery,2466
montgomery city,51
montgomery creek,8
montgomery twp,74
montgomery village,216
montgomeryville,4
monticello,1015
montour,5
montour falls,13
montoursville,24
montpelier,161
montpelier station,1
montreal,15
montreat,5
montrose,494
montross,231
montura ranches,31
montvale,64
montverde,113
montville,92
montville township,136
montz,9
monument,78
monument beach,9
moody,263
mooers,20
mooers forks,9
moon,14
moon path ln,1
moon township,17
moon twp,1
moonachie,5
moonlight dr,1
moorcroft,31
moore,1010
moore haven,49
moore saint,1
moore station,1
moore township,10
moorefield,72
moorefield township,14
mooreland,42
moores hill,12
mooresboro,47
mooresburg,117
moorestown,127
mooresville,562
mooreville,69
moorhead,92
mooringsport,26
moorland,1
moorpark,212
moose lake,24
moose pass,2
moosehead junction township,1
moosic,88
mora,125
mora county,1
moraga,119
moraine,18
moran,42
morattico,1
moravia,77
moravian falls,41
moreau,75
moreauville,8
morehead,122
morehead city,237
morehouse,4
moreland,25
moreland hills,37
morenci,19
moreno valley,1171
moretown,3
morgan,70
morgan city,52
morgan hill,421
morgan township,7
morgan's point,4
morgan's point resort,4
morganfield,10
morgans point,1
morgans point resort,16
morganton,722
morgantown,1160
morganville,99
morganza,1
moriah,37
moriah center,1
moriarty,155
moriches,22
morland,2
morley,33
mormon lake,1
morning sun,5
morning view,11
morningside,7
moro,18
morocco,4
morongo valley,113
moroni,19
morovis,11
morral,1
morrice,10
morrill,14
morrilton,75
morris,405
morris chapel,17
morris plains,55
morris plains boroug,1
morris township,1
morris trl lindstrom,3
morris twp,184
morrisdale,37
morrison,175
morrison floyd rd,1
morrisonville,40
morriston,210
morristown,825
morrisville,86
morro bay,77
morrow,162
morrowville,1
morse,6
morse bluff,1
morton,165
morton grove,199
mortons gap,1
morven,16
mosby,2
mosca,54
moscow,272
moscow mills,124
moseley,329
moselle,10
moses lake,405
moshannon,3
mosheim,19
mosier,11
mosinee,60
moss,2
moss beach,17
moss bluff,36
moss landing,1
moss point,146
moss rd,1
mosses,1
mossy head,3
mossyrock,42
motley,38
mott,6
moulton,105
moultonborough,28
moultrie,120
mound,71
mound city,26
mound house,11
moundridge,17
mounds,60
mounds view,63
moundsville,47
moundville,136
mount aetna,6
mount airy,528
mount alto,1
mount angel,15
mount arlington,40
mount auburn,3
mount aukum,1
mount ayr,37
mount baldy,8
mount bethel,21
mount blanchard,3
mount calm,20
mount calvary,2
mount carbon,1
mount carmel,107
mount carroll,14
mount charleston,11
mount chase,7
mount clare,36
mount clemens,25
mount cobb,2
mount cory,1
mount crawford,28
mount crested butte,46
mount croghan,7
mount desert,24
mount dora,410
mount eaton,1
mount eden,12
mount enterprise,14
mount ephraim,28
mount erie,1
mount gay,1
mount gilead,148
mount gleason,1
mount gretna,10
mount hamilton,3
mount healthy,16
mount hermon,12
mount holly,384
mount holly springs,33
mount hood prkdl,16
mount hope,28
mount horeb,126
mount ida,40
mount iron,6
mount jackson,98
mount jewett,8
mount joy,110
mount juliet,146
mount kisco,35
mount laguna,4
mount laurel,327
mount lebanon,1
mount lemmon,34
mount lookout,2
mount marion,2
mount morris,103
mount morris township,27
mount nebo,8
mount olive,190
mount olive township,124
mount olivet,24
mount orab,22
mount penn,4
mount perry,6
mount pleasant,1390
mount pleasant mills,16
mount plymouth,18
mount pocono,70
mount prospect,350
mount pulaski,10
mount rainier,23
mount rose,1
mount royal,24
mount savage,7
mount selman,1
mount shasta,98
mount sherman,3
mount sidney,12
mount sinai,72
mount solon,13
mount sterling,265
mount storm,20
mount tabor,2
mount tremper,11
mount ulla,17
mount union,15
mount vernon,974
mount vernon road,1
mount victoria,1
mount victory,5
mount view,7
mount vision,3
mount washington,182
mount waterman,4
mount wolf,33
mount zion,28
mountain,26
mountain brook,154
mountain center,62
mountain city,135
mountain dale,15
mountain green,10
mountain grove,126
mountain home,609
mountain home village,3
mountain house,301
mountain iron,6
mountain lake,33
mountain lake park,7
mountain lakes,37
mountain park,6
mountain pine,9
mountain ranch,51
mountain rest,14
mountain top,102
mountain view,851
mountain village,62
mountain willow village mills,1
mountainair,52
mountainburg,13
mountainside,44
mountainville,2
mountlake terrace,155
mountville,39
mousie,1
mouth of wilson,18
mouthcard,2
moville,5
moweaqua,7
moxee,26
moyers,19
moyie springs,35
moyock,135
mozelle,3
mozier,2
ms 39439,1
mt pleasant,8
mt sterling,1
mt washington,33
mt. gilead,17
mt. holly,23
mt. juliet,6
mt. pleasant,10
mud pond rd,1
mueller township,1
muenster,33
muhlenberg co,2
muhlenberg township,1
muir,9
muir beach,2
muirfield ct unit,1
mukilteo,135
mukwonago,105
mulberry,194
mulberry grove,5
muldoon,11
muldraugh,4
muldrow,44
mule creek,2
muleshoe,8
mulga,21
mulhall,5
mulino,12
mulkeytown,5
mullan,3
mullens,2
mullica,15
mullica hill,102
mulliken,12
mullin,11
mullins,75
mulvane,57
mumford,12
munch township,1
muncie,221
muncy,18
muncy valley,8
munday,11
mundelein,262
munds park,52
mundy,2
mundy township,66
munford,66
munfordville,25
munger,2
munising,22
munith,12
munnsville,17
munroe falls,23
munson,9
munson township,1
munster,74
murchison,52
murdo,1
murdock,8
murfreesboro,359
murphy,1246
murphy hot springs,1
murphys,115
murphysboro,91
murray,294
murray isle,1
murrayville,35
murrells inlet,449
murrieta,1389
murrysville,102
murtaugh,5
muscadine,11
muscatine,152
muscle shoals,166
muscoda,28
muscotah,1
muse,7
musella,5
muskego,111
muskegon,369
muskegon heights,63
muskogee,295
mussey,7
mustang,369
mustang mesa,1
muttontown,30
mutual,6
myakka city,98
myers flat,7
myerstown,65
myersville,48
mylo,1
myrtle,48
myrtle beach,2586
myrtle creek,87
myrtle grove,1
myrtle point,49
myrtletown,1
mystic,16
mystic island,1
myton,8
n10948 circle dr,1
n11360 antigo saint,2
n214 highview ln,1
n2429 highway 17,1
n2750 rd,1
n3003 maplewood rd,1
n3471 n3601 county road north,1
n4119 cth,1
n4579 highway 55,1
n4914 cth,1
n544,1
n6079 gruening ln,1
n7506 us highway 41,1
n8939 water power rd,1
n8966 hickory dr,1
n8979 south davis rd,1
n9084 highway 55,1
n9824 white birch rd,1
n9968 hemlock rd,1
naalehu,94
nabb,3
naches,14
naco,2
nacogdoches,209
nada,2
nags head,86
naguabo,21
nahant,20
nahelenani saint volcano,1
nahma,11
nahunta,9
nakina,6
naknek,1
nallen,1
nampa,1756
nancy,180
nanjemoy,33
nankin,1
nantahala,47
nanticoke,61
nantucket,77
nanty glo,13
nanuet,26
naoma,1
napa,415
napanoch,21
napavine,29
naperville,1186
napier,6
naplate,6
naples,6034
napoleon,99
napoleonville,16
nappanee,20
naranja,1
naranjito,11
narberth,49
nardin,2
narragansett,148
narrows,45
narrowsburg,40
naruna,2
narvon,21
naselle,7
nash,11
nashoba,2
nashotah,22
nashport,24
nashua,114
nashville,1429
nashwauk,22
nassau,53
nassau bay,16
nassau village,2
nassawadox,5
natalbany,1
natalia,56
natchez,190
natchitoches,111
nathalie,45
nathrop,25
natick,179
national city,194
national harbor,59
national park,25
natrona,6
natrona heights,53
natural bridge,15
natural bridge station,9
natural dam,3
naturita,9
naubinway,8
naugatuck,118
naukati bay,3
nauvoo,44
navajo dam,20
navajo first cherokee village,1
navarre,376
navarre beach,17
navarro,3
navasota,114
navassa,5
navesink,1
naylor,37
nazareth,18
neahkahnie,1
near brown rd,2
near hallberg rd,3
near highway 13,1
near highway 86,2
neave township,3
neavitt,3
nebo,286
nebraska city,32
necedah,60
neche,1
neches,7
nederland,130
nedrow,13
neebish island,5
needham,122
needles,129
needmore,14
needville,161
neely,1
neelyton,1
neelyville,7
neenach,2
neenah,331
neeses,6
neffs,3
negaunee,23
negley,24
nehalem,28
nehawka,3
neihart,5
neillsville,41
neilton,1
nekoosa,194
nelchina,1
neligh,10
nellis,1
nelliston,4
nellysford,110
nelson,19
nelsonia,6
nelsonville,15
neltom addition pierre,1
nemo,12
nenana,10
neodesha,29
neoga,16
neola,2
neon,2
neosho,151
neosho falls,3
neosho rapids,1
neotsu,9
nephi,48
neponset,1
neponsit,4
neptune,2
neptune beach,78
neptune city,18
neptune township,90
nerstrand,5
nesbit,71
nesconset,64
nescopeck,15
neshkoro,38
neskowin,87
nesmith,3
nespelem,3
nesquehoning,23
ness city,7
netarts,13
netcong,25
nettie,3
nettleton,79
neva,2
nevada,247
nevada city,330
neversink,9
nevis,36
new albany,326
new albin,5
new alexandria,8
new amsterdam,1
new ashford,6
new athens,17
new auburn,19
new augusta,6
new baden,7
new baltimore,88
new bedford,418
new berlin,258
new bern,1027
new bethlehem,15
new blaine,14
new bloomfield,40
new bloomington,2
new boston,68
new braintree,12
new braunfels,1498
new bremen,17
new brighton,192
new britain,195
new brockton,30
new brunswick,174
new buffalo,101
new burnside,1
new cambria,4
new canaan,181
new canada,3
new caney,539
new canton,16
new carlisle,95
new carrollton,57
new castle,968
new chicago,4
new church,34
new city,37
new columbia,7
new concord,81
new creek,13
new cumberland,147
new cuyama,27
new deal,4
new derry,10
new diana,2
new douglas,9
new durham,12
new eagle,6
new edinburg,3
new effington,1
new egypt,32
new ellenton,16
new england,11
new enterprise,1
new era,5
new fairfield,74
new fairview,6
new florence,36
new franken,15
new franklin,107
new freedom,139
new freeport,4
new galilee,9
new germany,5
new glarus,36
new gloucester,9
new gretna,3
new hamburg,4
new hampshire 03457,1
new hampton,38
new harmony,31
new hartford,189
new haven,374
new haven vlg,1
new hill,17
new holland,50
new holstein,35
new home,26
new hope,337
new hudson,1
new hyde park,119
new iberia,258
new ipswich,18
new jasper township,1
new jersey,1
new johnsonville,14
new kensington,213
new kent,186
new kingston,2
new knoxville,24
new lebanon,98
new leipzig,2
new lenox,170
new lexington,23
new liberty,4
new limerick,1
new lisbon,187
new llano,12
new london,454
new lothrop,4
new lothrop vlg,1
new lyme,1
new madison,8
new madrid,7
new market,381
new market township,1
new marlboro,3
new marlborough,45
new marshfield,4
new martinsville,31
new matamoras,19
new meadows,9
new melle,2
new mexico,1
new miami,3
new middletown,35
new milford,208
new millport,4
new milton,2
new monmouth,4
new munich,4
new orleans,2187
new oxford,63
new palestine,125
new paltz,138
new paria,3
new paris,43
new park,5
new pekin,2
new philadelphia,217
new pine creek,2
new plymouth,54
new point,5
new point richey,1
new port richey,1432
new portland,18
new prague,93
new providence,111
new pt richey,1
new raymer,1
new richland,14
new richmond,208
new riegel,1
new ringgold,20
new river,84
new roads,26
new rochelle,144
new rockford,5
new rumley,1
new salem,38
new salisbury,11
new sarpy,2
new scotland,59
new seabury,46
new sharon,25
new smyrna beach,630
new springfield,11
new stanton,25
new straitsville,7
new strawn,3
new suffolk,3
new summerfield,4
new sweden,4
new tazewell,215
new town,7
new trenton,1
new tripoli,6
new troy,2
new ulm,139
new underwood,17
new vienna,9
new vineyard,5
new virginia,17
new washington,7
new waterford,20
new waverly,90
new weston,2
new whiteland,21
new wilmington,24
new windsor,126
new woodstock,5
new york,5353
new york city,12634
new york mills,35
new zion,1
newald,1
newalla,107
newark,2118
newark valley,19
newaygo,86
newberg,297
newbern,18
newberry,424
newberry springs,134
newberry township,1
newberry vlg,1
newbold,1
newborn,25
newburg,134
newburg township,1
newburgh,273
newburgh heights,27
newbury,92
newbury park,265
newburyport,97
newcastle,503
newcomb,10
newcomerstown,79
newell,22
newell saint,1
newellton,5
newfane,37
newfield,80
newfields,3
newfolden,4
newfoundland,73
newhall,251
newhebron,6
newington,94
newkirk,25
newland,192
newman,73
newman grove,3
newman lake,48
newmanstown,19
newmarket,26
newnan,691
newport,1536
newport beach,477
newport city,17
newport coast,98
newport news,382
newportville,1
newry,17
newsoms,3
newton,1069
newton falls,66
newton grove,8
newton township,6
newtonville,5
newtown,335
newtown square,234
newville,46
ney,2
nezperce,6
nhn ator creek road,1
nhn birch avenue shelby,1
niagara,7
niagara c wi,5
niagara falls,539
niagara t wi,1
niangua,5
niantic,2
nibley,28
nicasio,11
nice,47
niceville,164
nicholasville,391
nicholls,11
nichols,65
nichols hills,101
nicholson,72
nicholville,1
nickelsville,6
nickerson,16
nicktown,2
nicodemus,1
nicolaus,7
nicollet,7
nicoma park,2
niederwald,3
nietert ln,1
nikiski north kenai,21
nikolaevsk,15
niland,3
nile township,1
niles,573
nilwood,2
nimitz,3
nimmons,1
nine mile falls,109
nine mile point,1
ninety six,84
nineveh,55
ninilchik,59
ninnekah,18
ninole,5
niobrara,2
niota,58
niotaze,3
nipomo,117
nippa,3
nipton,1
niskayuna,157
nisland,4
nissequogue,21
nisswa,82
nisula,1
nitro,38
niverville,3
niwot,28
nixa,288
nixon,16
nka cowlitz sprague river,1
nka cricket loop oldtown,2
nka outback ridge estates spirit lake,1
nna adams spirit lake,1
nna clark fork delta inlet shores unit clark fork,1
nna ledges dr sagle,1
nna long dr priest lake,1
nna martin bay loop unit sagle,1
nna northeast 3rd ave,1
no address issued,1
no city,34
no name,1
no sioux city,4
no street name,1
noble,194
nobleboro,9
noblesville,268
nobleton,7
nockamixon township,2
nocona,91
nodaway,3
noel,14
nogal,17
nogales,103
nokesville,86
nokomis,225
nola,2
nolanville,114
nolensville,40
nome,18
nondalton,1
none county,1
nooksack,10
noonan,1
nora springs,9
norborne,4
norcatur,2
norco,156
norcro,2
norcross,257
norden,1
nordheim,3
nordic way,1
nordland,11
nordman,2
norfolk,516
norfork,54
norlina,12
normal,309
normal heights,1
normalville,4
norman,1409
norman park,8
normandy,22
normandy beach,1
normandy park,38
normangee,25
normanna,2
normantown,5
norphlet,1
norridge,81
norridgewock,6
norris,13
norris city,7
norristown,385
north,42
north 27th saint,1
north a,2
north abington township,9
north adams,128
north alicia saint,1
north andover,171
north apollo,6
north arlington,30
north ashlar saint,1
north attleboro,194
north augusta,832
north aurora,152
north babylon,64
north baldwin,25
north baltimore,15
north bangor,8
north barrington,42
north bay village,186
north beach,53
north bellmore,56
north bend,251
north benton,9
north bergen,174
north berwick,7
north bethany,14
north bethesda,82
north bloomfield,9
north bonneville,20
north branch,152
north branch vlg,1
north branford,40
north brentwood,4
north brookfield,37
north brunswick,224
north brunswick township,12
north caldwell,35
north canaan,21
north canton,302
north cape may,53
north carrollton,3
north charleston,298
north chatham,16
north chesterfield,6
north chicago,62
north chili,18
north college hill,23
north collins,24
north cove,3
north creek,1
north d saint,1
north east,338
north eastham,6
north edwards,51
north elba,1
north english,17
north enid,6
north fairfield,7
north falmouth,31
north fond du lac,46
north fork,58
north fork township,1
north fort myers,649
north freedom,8
north front saint,1
north ft myers,1
north garden,33
north granville,1
north great river,1
north greenbush,109
north haledon,25
north hampton,15
north haven,134
north henderson,1
north hero,8
north highlands,273
north highway 95,1
north hills,193
north hollywood,431
north houston,6
north hudson,27
north huntingdon,1
north hutchinson island,3
north jackson,40
north java,4
north judson,21
north kansas city,17
north kingstown,235
north kingsville,14
north las vegas,393
north lauderdale,120
north lawrence,28
north lemmon,2
north lewisburg,8
north liberty,373
north lima,19
north lindell saint,1
north little rock,295
north logan,16
north manchester,14
north mankato,101
north massapequa,5
north matewan,1
north merrick,3
north miami,429
north miami beach,467
north middletown,31
north muskegon,11
north myers,1
north myrtle beach,727
north new hyde park,2
north newton,7
north norwich,15
north norwood saint,1
north null,1
north oaks,51
north of fairbanks,1
north ogden,59
north olmsted,74
north palm beach,169
north palm springs,1
north parkersburg,1
north patchogue,1
north pekin,6
north plainfield,106
north plains,62
north platte,116
north pole,128
north port,3432
north potomac,119
north powder,4
north prairie,17
north prince george,1
north providence,376
north randall,1
north reading,53
north redington beach,28
north redwood,2
north richland hills,528
north ridgeville,309
north riverside,11
north robinson,2
north roosevelt rd,1
north rose,9
north royalton,120
north saint paul,130
north salem,18
north salt lake,64
north san juan,15
north shore,12
north sioux city,5
north smithfield,101
north springfield,1
north stonington,43
north syracuse,98
north tazewell,14
north tonawanda,251
north topsail beach,243
north troy,2
north truro,25
north tustin,116
north utica,2
north valley stream,1
north venice,69
north vernon,55
north versailles,48
north wales,139
north walker saint,1
north washington,1
north webster,12
north whitehall township,37
north wildwood,117
north wilkesboro,134
north windham,1
north wolfe saint,1
north woodmere,15
north yarmouth,5
north zulch,28
northampton,200
northbend township,1
northborough,94
northbridge,86
northbrook,408
northeast,5
northeast 105th ave,1
northeast 3rd ave,1
northeast carry,1
northeast carry township,2
northeast central,1
northeast county road 1469,1
northern cambria,16
northern kentucky,23
northfield,340
northfield center,9
northfield township,11
northfield village,3
northfork,9
northglenn,113
northlake,214
northland,1
northmoor,1
northome,9
northport,673
northridge,357
northrop,1
northumberland,63
northvale,16
northville,40
northville township,31
northwest,2
northwest 147th ct,1
northwest 225th ave,1
northwest mallard ave,2
northwest tree top rd,1
northwood,72
northwoods,1
norton,255
norton hollow rd,1
norton shores,101
nortonville,4
norvell,19
norwalk,1151
norway,55
norwell,67
norwich,311
norwood,417
norwood park,7
norwood young america,36
not applicab,5
not assigned,1
notasulga,5
noti,10
notrees,3
nottawa,1
nottingham,116
nottingham park,1
notus,8
nova,8
novato,352
novelty,24
novesta township,1
novi,81
novice,1
novinger,9
nowata,63
nowthen,11
noxapater,5
noxen,6
noxon,15
nu mine,1
nuangola,4
nubieber,1
nucla,15
nuevo,48
nuevo lakeview,30
numa,2
nunda,9
nunica,31
nunn,68
nunnelly,24
nuremberg,7
nutley,137
nutrioso,26
nutter fort,11
ny,54
nyack,47
nyc,1
nye,12
nyssa,28
o brien,7
o fallon,69
o'brien,10
o'fallon,752
o'neals,2
o'neill,22
oacoma,7
oak beach,3
oak bluffs,68
oak brook,157
oak city,8
oak creek,259
oak forest,130
oak glen,14
oak grove,201
oak hall,1
oak harbor,370
oak hill,143
oak hills,213
oak island,367
oak lawn,332
oak leaf,7
oak park,505
oak park heights,21
oak point,73
oak ridge,475
oak ridge north,3
oak run,15
oak vale,4
oak view,29
oakboro,50
oakbrook terrace,18
oakdale,636
oakes,5
oakesdale,11
oakfield,42
oakford,2
oakham,14
oakhurst,177
oakland,3409
oakland city,4
oakland gardens,36
oakland park,319
oakland township,58
oakley,395
oaklyn,55
oakman,7
oakmont,48
oakpark,2
oakridge,67
oaks,7
oakton,201
oaktown,3
oakvale,1
oakview,1
oakville,54
oakwood,138
oakwood hills,16
oakwood merriam woods,1
oakwood rd,1
oakwood township,1
oakwood village,14
oark,9
oasis,1
oatman,8
oberlin,90
obetz,11
obion,6
oblong,10
obrien,25
obstruction island,3
ocala,4630
ocate,7
occidental,20
occoquan,10
ocean bay park,3
ocean beach,9
ocean breeze,1
ocean city,1015
ocean gate,11
ocean grove,34
ocean hill,1
ocean isle,3
ocean isle beach,513
ocean park,175
ocean pines,149
ocean ridge,30
ocean shores,563
ocean springs,424
ocean township,66
ocean view,489
oceana,4
oceano,46
oceanport,23
oceanside,1616
oceola township,22
ochelata,10
ocheyedan,4
ochlocknee,12
ochlockonee bay,16
ochopee,1
ocilla,12
ocklawaha,408
ocoee,251
oconomowoc,256
oconto,50
oconto falls,30
ocosta,3
ocotillo,9
ocotillo wells,2
ocqueoc,22
ocracoke,27
ocran,1
octavia,10
odd,4
odebolt,8
odell,11
odem,41
oden,20
odenton,279
odenville,272
odessa,1952
odin,4
odon,5
odonnell,2
odum,8
oelrichs,2
oelwein,43
of roan creek rd bulter,1
off east shore rd,1
off forest rd,1
off highway 330,1
off highway 519,1
off highway 55,1
off sugar maple rd,1
offerle,1
ogallala,34
ogden,345
ogden dunes,1
ogdensburg,131
ogema,29
ogemaw township,2
ogilvie,7
oglesby,73
oglethorpe,10
ogunquit,21
oh,2
oh 44035,1
ohatchee,32
ohio,9
ohio city,7
ohio township,4
ohiopyle,2
ohlman,1
oil city,85
oil springs,8
oil trough,1
oilton,7
oilville,2
ojai,140
ojibwa,13
ojo caliente,37
ojo feliz,2
ojo sarco,2
ok,2
okabena,1
okahumpka,11
okanogan,47
okarche,7
okatie,174
okauchee,10
okawville,16
okay,5
okc,1
okeechobee,626
okeene,5
okemah,79
okemos,154
okesa,1
oklahoma city,4594
oklawaha,1
oklee,4
okmulgee,130
okoboji,4
okolona,31
oktaha,11
ola,12
olalla,36
olancha,17
olanta,14
olar,8
olathe,771
olaton,3
olcott,4
old bethpage,19
old bridge,286
old bridge township,12
old brookville,16
old ccc rd,4
old chatham,8
old dominion,2
old field,4
old fields,21
old forge,105
old fort,91
old greenwich,11
old harbor,1
old hickory,57
old highlands,1
old highway 63,2
old laurel hill rd saint francisville,2
old lyme,59
old mill basin,7
old mill creek,2
old monroe,43
old ocean,2
old orchard beach,40
old river winfree,5
old san juan,10
old saybrook,38
old shasta,1
old state,1
old station,2
old tappan,30
old town,204
old ulm cascade rd,1
old westbury,47
oldenburg,1
oldfield,7
oldham,2
olds,1
oldsmar,207
oldtown,38
oldwick,1
olean,119
oleta,2
oley,18
olin,20
olive,8
olive branch,274
olive hill,55
olivebridge,30
olivehill,6
olivehurst,192
oliver,3
oliver springs,44
oliver township,4
oliverea,1
olivet,12
olivette,31
olivia,10
olla,4
ollie,2
olmito,11
olmitz,1
olmos park,3
olmstead,1
olmsted,1
olmsted falls,52
olmsted township,49
olmstedville,1
olney,204
olney springs,12
olpe,2
olsburg,3
olton,3
olustee,1
olympia,1065
olympia fields,34
olympian village,1
olympic valley,40
olyphant,36
oma,3
omaha,1357
omak,89
omar,4
omega,2
omena,1
omer,8
omro,100
on 4th ave,1
on 9th ave,1
on acorn ln,1
on brer fox rd,1
on brown rd,3
on buckshot rd,1
on chaney cove rd,1
on chippewa tr,1
on cth,17
on elmwood rd,2
on four mile dr,1
on fox run rd,2
on gary lake rd,1
on harding rd,1
on highway 139,4
on highway 52,1
on highway 8,4
on highway 86,1
on isabelle dr,1
on jamie lake dr unit,1
on kalata rd,3
on lake rd acres,2
on leach rd,1
on lee rd,2
on maple dr,1
on musser dr,1
on reagan ln,1
on rosalie ln unit,1
on sand cove pointe rd unit park falls,4
on sarah b ln,1
on sheltrow rd unit,3
on velvet lake rd,1
on wegner rd,1
on west ln,1
ona,21
onaga,4
onalaska,385
onamia,18
onancock,76
onarga,11
onawa,21
onaway,28
onchiota,1
oneida,240
oneill,19
onekama,45
onemo,9
oneonta,309
onia,2
onida,2
onley,15
only,3
ono,15
onondaga,10
onota township,3
onset,4
onslow,1
onsted,42
ontario,892
ontonagon,39
onyx,21
ookala,1
oolitic,3
oologah,56
ooltewah,269
oostburg,29
opa locka,58
opal,2
opdyke,4
opelika,322
opelousas,277
ophelia,29
ophir,4
opp,52
oppelo,3
oppenheim,10
oquawka,17
ora,1
oracle,138
oradell,6
oral,1
oran,10
orange,1261
orange beach,505
orange city,237
orange cove,11
orange grove,56
orange lake,4
orange park,743
orange springs,1
orange village,10
orangeburg,169
orangefield,2
orangevale,276
orangeville,28
oraville,1
orbisonia,5
orcas island,85
orchard,20
orchard beach,8
orchard city,2
orchard lake village,10
orchard park,182
orchard rd wonder lake,1
orcutt,1
ord,5
orderville,5
ordinary,1
ordot chalan pago,22
ordway,22
ore city,26
oreana,7
orefield,4
oregon,298
oregon city,415
oregon house,18
oregonia,4
oreland,20
orem,145
orford,5
orfordville,18
organ,4
orick,3
orient,47
oriental,249
orin,1
orinda,167
orion,95
oriska,2
oriskany,20
oriskany falls,10
orla,1
orland,113
orland hills,24
orland park,353
orlando,7187
orlandos way walsenburg,6
orleans,137
orlinda,15
orma,2
ormond beach,504
ormond by the sea,8
ormsby,1
orneville township,2
oro grande,38
oro valley,582
orocovis,14
orofino,57
orondo,39
orono,84
oronoco,13
oronogo,38
orosi,18
orovada,4
oroville,741
orr,35
orrick,5
orrington,8
orrstown,9
orrtanna,39
orrum,7
orrville,48
ortega mountain,8
orting,205
ortley beach,30
ortonville,30
ortonville vlg,1
orwell,49
orwigsburg,36
osage,40
osage beach,168
osage city,9
osakis,53
osawatomie,34
osborn,4
osborne,7
osbourne saint interlachen,1
osburn,10
oscar,3
osceola,256
osceola mills,21
osceola township,2
osco,1
oscoda,90
oscuro,1
osgood,9
oshkosh,651
oshtemo,3
oskaloosa,139
oslo,2
osmond,4
osprey,74
osseo,45
ossian,9
ossineke,10
ossining,48
ossipee,35
osteen,50
osterburg,3
osterville,63
ostrander,36
oswayo,1
oswegatchie,6
oswego,634
osyka,4
otay mesa,1
otego,61
otesgo,1
othello,104
otis,110
otis orchards,30
otisco,2
otisfield,6
otisville,25
otisville vlg,1
otley,4
otoe,1
otsego,267
otsego lake township,3
otselic,5
ottawa,334
ottawa hills,18
ottawa lake,24
otter,1
otter creek,4
otter lake,12
otter rock,26
otterbein,9
ottertail,24
otterville,24
otto,59
ottoman,1
ottoville,1
ottsville,19
ottumwa,207
otway,4
otwell,3
oueens,1
oulu,1
ouray,29
out nj,1
out of county,6
out of state,5
outing,8
outlook,10
outrigger ct willis,2
ovalo,30
ovando,3
ovapa,4
overbrook,23
overgaard,104
overland,37
overland park,742
overstreet,3
overton,82
ovett,8
ovid,45
oviedo,210
ovilla,34
owasco,6
owasso,398
owatonna,226
owego,51
owen,7
owendale,3
owens cross roads,104
owensboro,554
owensville,72
owenton,74
owings,67
owings mills,350
owingsville,23
owls head,4
owosso,135
oxbow,3
oxford,1471
oxford junction,4
oxford township,65
oxford vlg,12
oxley,1
oxnard,498
oxon hill,147
oyster bay,33
oyster bay cove,16
oyster creek,6
oysterville,9
ozark,369
ozark acres,4
ozawkie,16
ozona,22
ozone,11
ozone park,137
pa alli street,1
pa furnace,13
paauilo,5
pablo,2
pace,468
pacheco,29
pachuta,15
pacific,277
pacific beach,41
pacific city,49
pacific grove,83
pacific palisades,272
pacifica,194
packers rd,1
packwaukee,5
packwood,25
pacoima,133
pacolet,43
paddock lake,2
paden,9
paden city,11
paducah,397
paeonian springs,8
page,70
page township,1
pagedale,3
pageland,67
pagosa springs,318
pahala,9
pahoa,472
pahokee,18
pahrump,451
paia,20
paicines,17
paige,45
paincourtville,1
painesville,339
paint lick,13
paint river rd unit,4
paint rock,12
paint township,45
painted post,35
painter,23
paintsville,63
paisley,47
pala,12
palacios,256
palatine,565
palatine bridge,26
palatka,270
palco,6
palenville,8
palermo,31
palestine,155
palisade,57
palisades,23
palisades park,31
pall mall,14
palm,1
palm bay,4297
palm beach,284
palm beach gardens,494
palm beach shores,19
palm city,281
palm coast,1810
palm desert,1005
palm gardens,6
palm harbor,503
palm shores,1
palm springs,1110
palmdale,1098
palmer,245
palmer camp branch dr,1
palmer lake,7
palmer rd,1
palmer township,22
palmersville,4
palmerton,30
palmetto,497
palmetto bay,164
palmhurst,13
palms,3
palmview,51
palmyra,530
palo,8
palo alto,357
palo cedro,31
palo pinto,47
palo verde,14
palo verde mountains,1
palomar mountain,24
palos heights,77
palos hills,83
palos park,69
palos verdes estates,100
palos verdes peninsula,3
palouse,20
pampa,60
pamplico,25
pamplin,26
pana,27
panaca,7
panacea,36
panama,17
panama city,1394
panama city beach,1958
pandale,1
pandora,5
pangburn,28
panguitch,9
panguitch lake,2
panhandle,14
panola,5
panora,71
panorama city,156
panorama village,5
pansey,1
pantego,22
panton,5
paola,71
paoli,124
paonia,27
papaaloa,6
papaikou,15
papalote,1
papillion,179
papineau,2
par troy hills township,2
parachute,52
paradis,3
paradise,495
paradise point rd,1
paradise valley,301
paragon,13
paragonah,11
paragould,181
paramount,102
paramus,60
parchment,3
pardeeville,38
paris,774
paris crossing,3
parish,24
parishville,5
park city,1262
park falls,105
park forest,174
park hall,6
park hill,110
park hills,99
park hills heights,5
park layne,1
park rapids,125
park ridge,337
park river,14
park valley,3
park view,3
parkdale,1
parker,595
parker city,9
parker dam,6
parkerfield,2
parkers crossroads wildersville,1
parkers lake,6
parkers prairie,15
parkersburg,358
parkertown township,2
parkesburg,32
parkfield,2
parkhill,2
parkin,1
parkland,267
parkman,9
parks,20
parksley,36
parkston,6
parksville,24
parkton,76
parkville,351
parlier,10
parlin,4
parma,635
parma heights,119
parmelee,2
parmenter libby,3
parmenter libby dr,2
parnell,8
parolli road,1
paron,14
parowan,38
parrish,363
parrott,3
parrottsville,48
parryville,1
parshall,13
parsippany,1
parsippany troy hills,1
parsippany troy hills township,243
parsons,205
parsonsburg,23
parsonsfield,18
parthenon,11
partlow,37
partridge,3
parview ln miltona township,1
parview northeast miltona township,1
pasadena,1941
pasadena hills,4
pascagoula,127
pasco,310
paskenta,1
paso robles,259
pass christian,343
passadumkeag,6
passaic,82
patagonia,65
pataskala,110
patch grove,3
patchogue,141
pateros,27
paterson,436
pathfork,1
patillas,14
patoka,2
patrick,11
patrick county,1
patrick springs,18
patriot,21
patten,9
patterson,286
patterson heights,2
patterson rd,1
patterson township,1
pattison,21
patton,8
patton village,1
pattonsburg,5
pattonville,18
paul,6
paul smiths,4
paulden,140
paulding,15
paulina,6
pauline,11
paullina,13
pauls valley,55
paulsboro,61
pauma valley,21
paupack,14
pavilion,8
pavilion township,1
pavillion,5
pavo,9
paw paw,113
pawhuska,26
pawlet,7
pawleys island,350
pawling,63
pawnee,53
pawnee city,3
pawnee rock,5
pawtucket,469
pax,3
paxico,3
paxinos,9
paxton,88
paxton township,2
payette,82
payne,12
payne springs,9
paynes creek,6
paynesville,60
payneville,2
payson,598
pe ell,23
pea ridge,215
peabody,222
peace township,1
peace valley,4
peach bottom,12
peach creek,2
peach springs,4
peacham,4
peachc,2
peachland,14
peachtree city,219
peachtree corners,168
peapack gladstone boro,24
pearblossom,90
pearce,127
pearcy,32
pearisburg,43
pearl,153
pearl city,56
pearl river,88
pearland,1021
pearlington,6
pearsall,24
pearson,7
pearsonville,1
pease,5
peaster,3
pebble beach,70
pecan gap,6
pecan island,1
pecatonica,14
peck,10
peckville,23
peconic,6
pecos,90
peculiar,41
pedricktown,39
pedro,7
peebles,17
peekskill,64
peeksville,3
peel,15
peeples valley,23
peetz,8
peggs,1
pegram,22
pekin,179
pelahatchie,22
peletier,53
pelham,388
pelican,5
pelican bay,48
pelican lake,14
pelican rapids,39
pelion,14
pelkie,2
pell city,248
pell lake,2
pella,190
pellston,21
pelsor,6
pelzer,75
pemberton,52
pemberville,46
pembina,3
pembine,12
pembine t wi,3
pembroke,201
pembroke park,7
pembroke pines,704
pembroke township,8
pen argyl,31
pena blanca,4
penasco,4
pence,2
pence springs,3
pencil bluff,4
pender,5
pendergrass,26
pendleton,313
penelope,10
penfield,95
pengilly,8
penhook,78
peninsula,26
penitas,23
penllyn,4
penn,9
penn forest township,30
penn laird,12
penn lake,1
penn run,3
penn township,2
penn valley,180
penn yan,39
penndel,1
pennellville,30
penngrove,27
pennington,133
pennington gap,21
pennock,2
penns grove,88
pennsauken,156
pennsboro,7
pennsburg,146
pennsville,150
pennsylvania,2
pennville,1
penobscot,8
penrose,75
penryn,24
pensacola,2683
pensacola beach,91
pentland township,1
pentwater,26
penuelas,4
penwell,2
peoa,16
peoria,1881
peoria heights,35
peosta,10
peotone,50
pepeekeo,13
pepin,15
pepper pike,84
pepperell,57
pequannock,1
pequannock township,88
pequea,12
pequot lakes,62
peralta,43
percival,1
percy,8
perdido,7
perdido beach,3
perdido key,2
perham,59
perkasie,170
perkins,42
perkins township,3
perkinston,92
perkiomenville,24
perks,1
perrin,56
perrine,2
perrineville,5
perrinton,48
perris,664
perronville,1
perry,851
perry hall,83
perry park,1
perry township,27
perryman,3
perryopolis,18
perrysburg,133
perrysville,13
perryton,46
perryville,216
persia,1
perth,23
perth amboy,153
peru,265
pescadero,17
peshastin,11
peshtigo,33
peshtigo t wi,2
pesotum,12
petal,93
petaluma,302
peterborough,13
peterman,4
petersboro,1
petersburg,798
petersburgh,22
petersham,9
peterson,6
peterstown,17
petoskey,123
petroleum,7
petrolia,25
pettigrew,4
pettus,5
petty,5
pevely,101
pewamo,2
pewaukee,156
pewee valley,12
peyton,203
peytona,9
pfafftown,221
pflugerville,195
pharr,222
pharsalia,8
pheasant trail estates lewiston,3
phelan,401
phelps,60
phenix,5
phenix city,228
phil campbell,27
philadelphia,10449
philip,3
philippi,44
philipsburg,112
philipsburg berehaven ln,1
phillips,79
phillips 643 rd,2
phillips ranch,29
phillipsburg,183
phillipston,23
phillipsville,1
philmont,7
philo,36
philomath,41
philpot,13
phippsburg,13
phoenicia,11
phoenix,8287
phoenixville,286
phyllis,1
picabo,3
picacho,3
picayune,223
pickens,175
pickensville,6
pickerel,15
pickering,2
pickerington,159
pickett,5
pickford,9
pickrell,2
pickstown,1
pickton,12
pickwick dam,3
pickwick lake,5
pico rivera,157
pie town,35
piedmont,760
piedmont valley,1
piedra,1
pierce,46
pierce city,10
pierce township,35
piercefield,5
pierceton,3
piercy,2
piermont,27
pierpoint springs,5
pierpont,15
pierre,63
pierre part,9
pierson,66
pierz,22
piffard,10
pigeon,6
pigeon falls,2
pigeon forge,240
pigeon vlg,1
piggott,49
pike,2
pike county,15
pike rd,1
pike road,183
pike township,8
pikesville,110
piketon,24
pikeville,356
pilar,1
pilesgrove,28
pilesgrove township,1
pilger,3
pilgrim,3
pilgrim point ln alexandria,1
pilgrims knob,1
pillager,53
pilot,9
pilot grove,4
pilot hill,29
pilot knob,12
pilot mound,2
pilot mountain,92
pilot point,50
pilot rock,16
pima,85
pimento,1
pimmit,1
pinch,1
pinckard,2
pinckney,11
pinckney vlg,4
pinckneyville,18
pinconning,30
pindall,4
pine,78
pine apple,2
pine beach,11
pine bluff,191
pine bluffs,5
pine bush,48
pine canyon,12
pine city,79
pine cove,3
pine featherville,1
pine flat,1
pine grove,141
pine grove mills,3
pine hall,5
pine haven,13
pine hill,59
pine island,65
pine knoll shores,54
pine knot,19
pine lake,8
pine lake rd,1
pine lawn,1
pine level,5
pine mountain,64
pine mountain club,73
pine mountain valley,1
pine mt,1
pine plains,37
pine prairie,2
pine ridge,1
pine ridge rd henderson,4
pine river,79
pine township,3
pine valley,50
pinebluff,13
pinecrest,205
pinecrest rd hardy,1
pinedale,112
pinehaven,1
pinehurst,493
pineland,15
pinellas park,386
piner,1
pinetop,106
pinetop lakeside,1
pinetops,31
pinetown,31
pinetta,8
pineview,7
pineville,381
pinewood,2
piney creek,68
piney flats,63
piney point,17
piney point village,17
piney river,4
pingree,3
pingree grove,206
pink,2
pink hill,16
pinnacle,32
pinnacle drive,1
pinola,5
pinole,116
pinon,2
pinon hills,263
pinon ranch,1
pinopolis,5
pinos altos,9
pinson,258
pinsonfork,1
pintlala,1
pintuerero way hot springs village,2
pinyon pines,2
pioche,16
pioneer,172
pioneertown,34
pipe creek,51
piper city,9
piper's gap,1
pipersville,39
piperton,16
pipestem,15
pipestone,31
piqua,236
pirtleville,8
piru,15
piscataway,246
piscataway twp,40
piseco,4
pisek,2
pisgah,19
pisgah forest,87
pismo beach,78
pitcairn,20
pitcher,15
piti,17
pitkin,17
pitman,66
pitsburg,1
pitts,4
pittsboro,146
"pittsboro, nc",6
pittsburg,882
pittsburgh,4447
pittsfield,558
pittsfield township,8
pittsford,165
pittsgrove,35
pittston,86
pittston township,4
pittstown,23
pittsview,5
pittsville,91
pixley,16
placentia,172
placerville,499
placida,634
placitas,150
plain,10
plain city,161
plain dealing,17
plainfield,1324
plains,117
plainsboro,95
plainview,219
plainville,126
plainwell,49
plaisance,1
plaistow,12
planada,13
plano,1248
plant city,710
plantation,379
plantation island,1
plantersville,108
plaquemine,44
platea,1
platina,5
plato,44
platoro,2
platte,1
platte center,6
platte city,64
platte woods,2
plattekill,11
plattenville,2
platteville,109
plattsburg,15
plattsburgh,187
plattsmouth,55
plaucheville,9
playa de novillero,1
playa del rey,140
playa vista,96
playas de rosarito,1
plaza,5
pleak,2
pleasant city,13
pleasant farms,3
pleasant gap,14
pleasant garden,22
pleasant grove,212
pleasant hall,1
pleasant hill,475
pleasant hope,39
pleasant lake,22
pleasant mount,10
pleasant plains,15
pleasant prairie,114
pleasant ridge,3
pleasant ridge plt,1
pleasant shade,27
pleasant township,5
pleasant unity,16
pleasant valley,123
pleasant valley rd sturgis,32
pleasant valley road sturgis,32
pleasant view,50
pleasanton,516
pleasantville,176
pleasureville,13
pledger,4
plentywood,10
plessis,4
plott balsam rd,1
plover,100
plum branch,9
plum city,14
plum lake,2
plumas lake,232
plumerville,10
plummer,19
plumsted,10
plush,2
plymouth,1405
plymouth meeting,63
plympton,16
poca,22
pocahontas,141
pocasset,46
pocatello,276
pocola,7
pocomoke,9
pocomoke city,72
pocono lake,255
pocono pines,112
pocono summit,51
pocono township,2
poestenkill,31
poetry,5
pohatcong township,30
poinciana,830
poinciana place,1
point,79
point arena,8
point clear,1
point comfort,2
point harbor,4
point jefferson sta,3
point jefferson vil,2
point loma,10
point lookout,7
point marion,17
point of rocks,14
point pleasant,143
point pleasant beach,47
point pleasant boro,4
point protection,1
point reyes station,7
point richmond,5
point roberts,102
point venture,17
point washington,4
point washington north,1
pointblank,156
pointe aux pins,1
points,4
poipu,1
pojoaque,3
pokegama township,3
poland,200
polar,3
polaris,6
polebridge,8
poleline rd pocatello,1
polk,18
polk city,332
polkadot dr fairbanks,2
polkton,15
polkville,7
pollard,4
pollock,49
pollock pines,118
pollocksville,25
pollok,12
polo,31
polson,163
polvadera,1
pomaria,10
pomerene,4
pomeroy,43
pomfret,40
pomona,526
pomona park,50
pompano beach,903
pompeii,1
pompey,7
pompeys pillar,3
pompton lakes,83
pomroy township,1
ponca,10
ponca city,253
ponce,81
ponce de leon,41
ponce inlet,42
poncha springs,41
ponchatoula,177
pond creek,3
pond eddy,4
ponder,136
ponderay,11
ponderosa,11
ponsford,9
ponte vedra,324
ponte vedra beach,301
pontiac,191
ponto lake,1
pontoon beach,2
pontoosuc,1
pontotoc,143
pony,3
pooler,333
poolesville,61
poolville,84
pope,11
pope valley,26
poplar,17
poplar bluff,353
poplar branch,16
poplar grove,130
poplarville,172
popponesset,5
popponesset island,1
poquoson,64
port,12
port acres,3
port allegany,24
port allen,70
port alsworth,5
port alto,9
port angeles,188
port aransas,422
port arthur,177
port austin,12
port barre,16
port barrington,14
port bolivar,98
port byron,51
port carbon,11
port charlotte,6425
port chester,50
port clinton,200
port costa,3
port crane,15
port deposit,62
port edwards,7
port elizabeth,1
port ewen,27
port gibson,22
port griffith,1
port hadlock,46
port haywood,14
port henry,10
port hope,11
port hudson,1
port hueneme,127
port huron,103
port isabel,67
port jefferson,68
port jefferson station,109
port jervis,55
port kent,4
port labelle,3
port lavaca,236
port leyden,12
port lions,3
port ludlow,150
port mansfield,22
port matilda,69
port mayaca,1
port monmouth,34
port murray,7
port neches,55
port norris,26
port o connor,31
port o'connor,79
port orange,356
port orchard,814
port orford,60
port penn,4
port protection,3
port reading,20
port republic,49
port richey,628
port royal,60
port saint joe,343
port saint john,5
port saint lucie,1702
port sanilac,7
port st lucie,13
port st. lucie,35
port sulphur,24
port tobacco,38
port townsend,195
port trevorton,2
port vincent,15
port washington,185
port wentworth,112
port william,1
port wing,9
portage,369
portage des sioux,1
portage lake,8
portageville,11
portal,43
portales,77
porter,570
porter corners,1
porter heights,12
porter ranch,212
porterdale,18
porterfield,21
porterfield t wi,1
porters neck,1
portersville,18
porterville,247
portia,6
portland,6817
porto cima,73
portola,169
portola hills,1
portola valley,46
portsmouth,455
portville,18
porum,69
posen,42
posey,20
poseyville,4
pospeck ln hoyt lakes,7
possum grape,1
possum kingdom lake,181
possum way lake city,3
post,10
post falls,277
post oak bend,1
postville,2
poteau,40
poteet,54
poth,8
potlatch,6
potomac,372
potomac falls,14
potosi,103
potrero,11
potsdam,83
pottawattamie park,2
potter,4
potter valley,33
pottersdale,1
pottersville,18
potterville,13
potts camp,5
pottsboro,123
pottstown,371
pottsville,222
potwin,2
poughkeepsie,602
poughquag,59
poulan,2
poulsbo,286
poultney,15
pound,46
pound ridge,19
pounding mill,11
poway,249
powder river ave spearfish,1
powder springs,402
powderhorn,12
powderly,32
powdersville,3
powell,522
powell butte,75
powell township,1
powells point,23
powellton,2
powellville,2
power,2
powers,18
powers lake,1
powers township,1
powersite,3
powersville,2
powhatan,341
powhatan point,6
pownal,21
poy sippi,10
poydras,2
poyen,3
poynette,26
poynor,3
poyntelle,1
prague,69
prairie city,29
prairie creek,1
prairie du chien,91
prairie du sac,32
prairie farm,1
prairie grove,154
prairie hill,1
prairie home,2
prairie lake township,3
prairie lea,1
prairie view,58
prairie village,99
prairieburg,2
prairieville,274
prather,17
prathersville,1
pratt,103
pratts,2
prattsburgh,13
prattsville,24
prattville,270
pray,9
preble,7
premium,1
premont,18
prentice,21
prentiss,23
prentiss township t7 r3 nbpp,3
prescott,1769
prescott valley,641
presho,2
president saint,1
presidio,12
presque isle,117
presque isle t wi,1
presto,18
preston,138
preston hollow,5
preston park,3
prestonsburg,102
pretty prairie,5
prewitt,22
price,60
price township,1
priceville,11
prichard,22
priddy,5
pride,14
pridgen,1
priest lake,3
priest river,86
prim,9
primera,16
primghar,11
primm springs,7
primos,2
prince,3
prince frederick,99
prince george,66
princess anne,113
princeton,1126
princeton junction,83
princeton township,2
princetown,7
princeville,54
princewick,3
prineville,454
pringle,6
prinsburg,5
prior lake,281
prior township,1
private road 2771 mico,1
private road 421,3
private road 640 driftwood,1
procious,8
proctor,61
proctorville,48
progreso,14
progreso lakes,15
progress unit 21 rio rancho,4
prole,13
promise city,2
promise land,1
promontory,1
promontory rd harrison,1
prompton,3
prophetstown,16
prosp leff gdns,45
prospect,207
prospect heights,135
prospect hill,6
prospect park,45
prosper,285
prosperity,57
prosser,125
protem,34
providence,1131
providence forge,135
providence village,97
provincetown,104
provo,172
prt wentworth,8
prudenville,86
prue,16
prunedale,14
pryor,97
pt charlotte,4
pte aux pins,1
puckett,2
pueblo,645
pueblo west,483
puerto morelos,2
pukalani,10
pukwana,1
pulaski,353
pullman,220
pulteney,5
pumpkin bend,1
pumpville,1
pungoteague,6
punta gorda,2996
punxsutawney,85
puposky,4
purcell,103
purcellville,158
purchase,17
purdin,2
purdon,12
purdy,18
purdys,2
purgitsville,11
purlear,54
purling,6
purmela,6
purvis,64
puryear,16
put in bay,17
putnam,82
putnam station,16
putnam township,25
putnam valley,52
putney,5
putter cir dell rapids,11
putter dr,1
puxico,11
puyallup,1464
pvt 7135,1
pyatt,8
pylesville,15
pyote,3
pyrites,1
quail,1
quail dr,1
quail valley,7
quail way,1
quaker city,20
quakertown,225
qualla,29
quamba,1
quanah,4
quantico,14
quapaw,1
quarryville,53
quartz hill,67
quartzsite,38
quasqueton,4
quebeck,9
quebradillas,13
quecreek,2
queen anne,8
queen city,41
queen creek,1015
queen valley,24
queens,527
queens village,164
queens village jamaica,1
queens village north,1
queensbury,165
queenstown,40
quemado,71
quenemo,3
quentin,1
questa,51
quicksburg,6
quiet waters ln,2
quilcene,37
quimby,2
quinby,11
quince rd,1
quincy,814
quincy township,1
quinlan,78
quinque,1
quintana roo,1
quinter,9
quinton,159
quinwood,2
quiogue,3
quitaque,1
quitman,201
qulin,4
quogue,36
rabun gap,37
raccoon,14
raceland,73
rachel,1
racine,395
rackerby,2
racy,1
radcliff,138
radcliffe,9
radford,132
radiant,3
radisson,5
radium springs,2
radnor,10
raeford,243
ragland,11
ragley,95
rahway,169
raiford,14
rail road flat,16
railcar lane,1
rainbow,8
rainbow canyon canyon wall,1
rainbow canyon clover street,1
rainbow canyon former golf course,1
rainbow canyon west of hwy 317,1
rainbow city,51
rainbow lake,10
rainbow valley,1
rainelle,11
rainier,103
rainsville,25
raisin city,1
raisin township,4
raisinville township,1
rake,2
raleigh,835
ralls,3
ralph,4
ralston,14
ramah,82
ramer,15
ramey,3
ramireno,1
ramirez,1
ramona,296
ramrod key,27
ramsay,27
ramseur,29
ramsey,200
ranburne,20
ranchester,5
ranchita,17
ranchland trace lockport,7
rancho cascades,2
rancho cordova,505
rancho cucamonga,961
rancho dominguez,13
rancho mirage,376
rancho mission viejo,92
rancho murieta,74
rancho palos verdes,263
rancho santa fe,190
rancho santa margarita,346
rancho viejo,21
ranchos de taos,162
ranchos taos,1
rancocas,1
rand,1
randall,20
randallstown,125
randle,28
randleman,47
randlett,6
randolph,408
random lake,13
randsburg,8
randville,2
rangeley,31
rangeley plt,21
rangely,37
ranger,187
ranier,2
rankin,6
ranlo,2
ransom,9
ransom canyon,12
ransomville,19
ranson,85
rantoul,100
rapelje,1
raphine,29
rapid city,476
rapid river,13
rapid valley,1
rapidan,12
rapidan township,1
rapids city,12
rappahannock academy,1
raquette lake,1
rarden,1
raritan,197
ratcliff,7
rathbone,3
rathbun,2
rathdrum,182
ratliff city,8
raton,45
rattan,11
ravalli,2
raven,12
ravena,38
ravendale,14
ravenden,7
ravenden springs,5
ravenel,20
ravenna,284
ravenna township,2
ravensdale,33
ravenswood,27
ravia,6
rawlings,16
rawlins,59
rawson,4
ray,15
ray brook,4
ray city,25
ray township,22
rayland,19
rayle,5
raymond,171
raymond saint,1
raymondville,78
raymore,157
rayne,73
raynesford,1
raynham,67
raytown,99
rayville,46
raywick,8
raywood,3
rea valley,1
readfield,10
reading,1264
reading center,1
readington,4
readington twp,107
readlyn,1
reads landing,1
readsboro,15
readstown,7
readyville,3
reagan,7
reagan ln,1
reagan ln unit,1
realitos,4
reardan,23
reasnor,1
rebecca,3
rebersburg,4
rebuck,1
recluse,4
rector,16
red bank,117
red banks,12
red baron estates 2 mountain home,1
red bay,9
red bluff,206
red boiling springs,38
red bud,10
red cedar township,1
red cliff,5
red cloud,6
red creek,9
red desert,1
red feather lakes,19
red fox run,3
red hill,12
red hook,129
red house,16
red lake falls,16
red level,11
red lion,230
red lodge,66
red oak,310
red oak dr hackensack,1
red river,52
red rock,67
red snapper dr,1
red springs,31
red sulphur springs,1
red wing,146
redbird,6
redcrest,3
reddick,87
redding,629
redfield,62
redford,68
redfox,4
redgranite,26
redington bch,1
redington beach,39
redington shores,50
redkey,6
redlands,497
redman,12
redmond,981
redondo beach,384
redstone,4
redvale,7
redwater,7
redway,4
redwood,11
redwood city,532
redwood falls,51
redwood valley,29
reed,2
reed city,49
reed point,19
reeder,3
reedley,55
reeds,6
reeds spring,78
reedsburg,183
reedsport,53
reedsville,52
reedville,121
reedy,5
reelsville,11
reese,3
reeseville,15
reeves,11
reevesville,9
reform,28
refton,1
refugio,37
regan,1
regent,1
regina,10
register,8
rego park,245
rehobeth,4
rehoboth,103
rehoboth beach,232
reidsville,232
reidville,38
reiles acres,2
reily township,6
reinbeck,8
reinholds,29
reisterstown,230
reklaw,8
reliance,32
rembert,23
rembrandt,1
remer,21
remerton,2
reminderville,8
remington,45
remlap,59
remote,32
remote recreational,1
remsen,34
remsen village,1
remsenburg,38
remus,14
renault,3
rendevous ct sturgis,1
rendezvous court sturgis,4
renfrew,32
renick,11
renner,1
reno,3251
reno township,3
renova,1
renovo,9
rensselaer,150
rensselaer falls,2
rensselaerville,33
rentiesville,2
renton,838
rentz,19
renville,7
renwick,3
repton,2
republic,311
republican city,3
resaca,16
rescue,50
reseda,288
reseda ranch,4
reserve,35
resort township,1
reston,764
retreat,1
reunion,278
reunion ridge road sturgis,1
reunion ridge sturgis,1
reva,31
revelo,1
revere,213
rewey,1
rex,132
rex ln,1
rexburg,74
rexford,90
rexville,6
reydon,4
reyno,2
reynolds,22
reynolds station,6
reynolds township,2
reynoldsburg,89
reynoldsville,24
rhame,2
rheems,3
rhine,1
rhinebeck,116
rhinecliff,2
rhineland,8
rhinelander,170
rhoadesville,30
rhodelia,1
rhodes,8
rhodesdale,13
rhodhiss,1
rhododendron,22
rhome,91
rialto,456
rib lake,21
ribera,16
rice,93
rice lake,72
riceboro,6
rices landing,8
riceville,46
rich creek,8
rich hill,9
rich square,9
rich township,10
richards,31
richardson,446
richardsville,17
richardton,5
richboro,35
richburg,9
richey,1
richeyville,5
richfield,396
richfield springs,30
richfield township,14
richford,34
richgrove,4
richland,686
richland center,48
richland hills,70
richland springs,6
richland township,2
richlands,368
richlandtown,10
richmond,8353
richmond heights,107
richmond hill,705
richmond hill south,50
richmond township,16
richmondale,3
richmondville,40
richmondville village,3
richton,12
richton park,38
richvale,1
richview,4
richville,24
richwood,85
richwoods,16
rickman,27
rickreall,8
rico,9
riddle,16
riddlesburg,2
riddleton,3
riddleville,1
ridge,130
ridge dr,1
ridge farm,2
ridge manor,31
ridge spring,9
ridgecrest,274
ridgedale,29
ridgefield,597
ridgefield park,15
ridgefield park village,4
ridgeland,214
ridgeley,96
ridgely,54
ridgeville,63
ridgeway,95
ridgewood,119
ridgewood rd grand rapids,3
ridgewood village,38
ridgley,1
ridgway,114
ridley park,50
ridott,4
riegelsville,10
riegelwood,8
rienzi,11
riesel,16
rifle,58
rifton,1
riga,3
rigby,56
riggins,22
riley,32
riley township,3
rileyville,16
rillton,4
rimersburg,7
rimforest,14
rimini rd,1
rimrock,210
rinard,1
rinard mills,1
rincon,374
rindge,14
riner,43
rineyville,31
ringgold,259
ringle,6
ringling,12
ringoes,7
ringsted,2
ringtown,9
ringwood,112
rio,22
rio bravo,3
rio communities,115
rio del oro los lunas,24
rio dell,15
rio frio,4
rio grande,91
rio grande city,167
rio hondo,35
rio linda,143
rio medina,3
rio nido,3
rio oso,6
rio piedras,4
rio rancho,1979
rio rico,469
rio verde,141
rio vista,251
ripley,202
ripon,264
ripplemead,2
rippon,1
ripton,1
ririe,4
risco,1
rising fawn,64
rising star,14
rising sun,85
risingsun,6
rison,15
ritner,1
ritter,1
rittman,59
ritzville,17
riva,24
river,2
river bend,5
river edge,15
river falls,117
river forest,87
river grove,33
river heights,3
river hills,14
river oaks,61
river pines,7
river ridge,53
river rouge,19
river vale,43
riverbank,143
riverd,1
riverdale,482
riverhead,114
riverside,2275
riverside dr fergus falls,4
riverton,287
rivervale,1
riverview,1506
riverwood shores pillager,17
riverwoods,24
rives,4
rives junction,11
rives township,9
rivesville,15
riviera,10
riviera beach,346
rixeyville,41
riza u7 rio rancho,1
roach,38
roachdale,17
road,1
road 1413 la plata,4
roadrunner saint del rio,1
roaming shores,36
roan mountain,48
roann,3
roanoke,1792
roanoke rapids,153
roaring branch,4
roaring brook township,40
roaring gap,32
roaring river,9
roaring spring,4
roark,2
robards,3
robbins,86
robbinsdale,141
robbinston,16
robbinsville,233
robeline,6
robersonville,30
robert,8
robert lee,13
roberta,20
roberts,99
robertsdale,154
robertson,1
robertsville,35
robesonia,33
robins,12
robinson,137
robinson creek,1
robstown,104
roby,11
roca,23
rochdale village,1
rochelle,176
rochelle park,14
rocheport,5
rochert,10
rochester,4042
rochester hills,101
rochester mills,5
rociada,45
rock,7
rock cave,6
rock city,2
rock creek,26
rock creek rd,1
rock falls,130
rock glen,1
rock hall,62
rock hill,746
rock island,271
rock port,7
rock rapids,12
rock river,6
rock river township,5
rock spring,34
rock springs,103
rock stream,2
rock tavern,6
rock valley,1
rock view,1
rockaway,217
rockaway beach,138
rockaway boro,39
rockaway park,38
rockbridge,13
rockbridge baths,3
rockdale,49
rocker,2
rockfield,9
rockford,1423
rockhill,1
rockhill furnace,1
rockholds,5
rockingham,492
rockland,145
rockledge,459
rockleigh,2
rocklin,528
rockmart,132
rockport,798
rocksprings,51
rockton,53
rockvale,24
rockville,1030
rockville centre,123
rockwall,294
rockwell,60
rockwell city,6
rockwood,347
rockwood t1 r1 nbkp,3
rocky,8
rocky comfort,3
rocky face,103
rocky ford,32
rocky gap,11
rocky hill,51
rocky mount,805
rocky point,271
rocky ridge,6
rocky river,182
rocky top,39
rodanthe,17
rodarte,2
rodeo,65
rodessa,2
rodman,1
rodney,8
rodney rd,1
roe,4
roebling,23
roebuck,67
roeland park,24
roff,29
roganville,1
rogers,965
rogers city,40
rogersville,278
roggen,2
rogue river,71
rohnert park,180
rohrersville,13
roland,54
roland park,1
rolesville,24
rolette,2
rolfe,3
roll,8
rolla,314
rolling fork,2
rolling hills,30
rolling hills estates,79
rolling meadows,211
rolling prairie,37
rollingstone,21
rollins,19
rollinsford,5
rollinsville,1
roma,39
roman forest,18
romance,10
romansville,9
romayor,2
rome,904
rome city,3
romeo,23
romeo vlg,4
romeoville,206
romeroville,1
romney,153
romoland,18
romulus,89
ronald,30
ronan,63
ronceverte,24
ronco,1
ronda,22
ronkonkoma,136
ronks,8
roodhouse,14
roopville,58
roosevelt,151
roosevelt corner,1
roosevelt island,1
root,16
rootstown,35
roper,23
ropesville,34
roque bluffs,10
rosalia,19
rosalie,1
rosamond,294
rosanky,17
rosanky rd,2
rosburg,3
roscoe,169
roscommon,162
roscommon vlg,1
rose,25
rose bud,13
rose city,13
rose creek,5
rose hill,104
rose lake,1
rose township,23
rose valley,13
roseau,20
roseboom,14
roseboro,24
rosebud,29
roseburg,408
rosebush,8
rosedale,154
roseland,78
roselle,263
roselle park,57
rosemary beach,13
rosemead,112
rosemont,9
rosemount,301
rosenberg,737
rosendale,23
rosepine,5
roseto,3
roseville,1727
rosevine,1
rosewood,4
rosharon,714
rosholt,14
rosiclare,3
rosinton,1
roslindale,1
roslyn,71
roslyn estates,3
roslyn harbor,3
roslyn heights,54
rosman,57
ross,15
ross township,43
rossburg,3
rosser,1
rossford,15
rossiter,10
rosslyn,9
rossmoor,40
rosston,3
rossville,157
rostraver twp,1
roswell,667
rotan,16
rote,1
rothbury,13
rothsay,6
rothschild,21
rotonda west,808
rotterdam,168
rotterdam junction,2
rougemont,25
rough and ready,18
roulette,2
round hill,103
round lake,120
round lake beach,129
round lake heights,17
round lake north township,1
round lake park,27
round lake township,2
round mountain,49
round mt,1
round o,13
round rock,316
round top,45
roundhead,2
roundhill,9
roundup,46
rouses point,17
rouseville,2
route 189,1
rover,13
rowan,1
rowden,2
rowdy,1
rowe,23
rowena,1
rowesville,2
rowland,13
rowland heights,99
rowlesburg,6
rowlett,414
rowley,39
roxana,16
roxboro,129
roxbury,96
roxbury township,137
roxie,9
roxobel,1
roxton,14
roy,239
royal,48
royal center,1
royal city,11
royal oak,128
royal oaks,42
royal palm beach,220
royal palm estates,2
royalston,16
royalton,37
royersford,143
royse city,644
royston,63
rozel,3
rozet,15
rp32n03w220100 lewis county,1
rt 40,1
rt 7 nr creamery road,1
ruben m torres blvd brownsville,1
rubicon,12
rubicon bay,2
rubicon township,1
rubio,1
rubottom,1
ruby,3
ruckersville,195
rudolph,10
rudy,6
rudyard,9
rueter,1
rufe,2
ruffin,23
ruffs dale,6
rufus,4
rugby,19
ruidosa,2
ruidoso,213
ruidoso downs,22
rule,15
ruleville,3
rumford,20
rumney,3
rumsey,3
rumson,54
runaway bay,79
runge,1
runnells,20
runnemede,27
running springs,190
running water,3
rupert,94
rural,2
rural county,1
rural hall,148
rural jasper county,1
rural retreat,26
rural valley,4
rural wayne county,2
rural west,1
ruscombmanor twp,1
rush,38
rush center,5
rush city,41
rush springs,23
rush valley,1
rushford,29
rushford village,3
rushland,3
rushmore,1
rushseba township,1
rushsylvania,18
rushville,70
rusk,71
rusk township,3
ruskin,575
ruso,1
russell,134
russell island,2
russell saint spearfish,4
russell springs,136
russell street spearfish,5
russells point,53
russellton,8
russellville,475
russia,3
russiaville,7
rustburg,38
ruston,160
ruth,13
ruth lake,8
ruther glen,265
rutherford,49
rutherford college,1
rutherfordton,283
rutheron,19
ruthton,1
ruthven,2
rutland,98
rutland town,27
rutledge,218
ruxton,1
ryan,11
rydal,72
ryde,1
ryder,2
ryderwood,9
rye,127
rye brook,22
ryegate,6
ryland heights,4
ryndon,15
s. bloomfield,8
sabana grande,10
sabana hoyos,2
sabattus,14
sabetha,14
sabillasville,15
sabin,4
sabina,15
sabinal,12
sabine pass,4
sabinsville,3
sabula,2
sac city,10
sachse,208
sackets harbor,24
saco,41
sacramento,5694
sacred heart,3
saddle brook,30
saddle bunch,19
saddle river,30
saddlebrooke,141
sadieville,21
sadler,20
sadorus,2
sadsburyville,1
saegertown,90
safety harbor,129
safford,84
sag harbor,177
sagamore,7
sagamore beach,25
sagamore hills,43
sagaponack,43
sage,8
saginaw,627
sagle,110
sago township,1
sagola,12
saguache,19
sahuarita,577
saint agatha,6
saint albans,230
saint albans city,13
saint albans town,13
saint amant,92
saint andrews ct unit,1
saint ann,146
saint anne,48
saint ansgar,21
saint anthony,95
saint armand,1
saint augusta,44
saint augustine,1923
saint augustine beach,36
saint augustine shores,1
saint bernard,43
saint bonifacius,14
saint catharine,1
saint charles,1617
saint clair,209
saint clair shores,106
saint clair township,2
saint clairsville,142
saint cloud,1454
saint croix,3
saint croix falls,40
saint david,107
saint edward,3
saint elmo,11
saint francis,166
saint francisville,79
saint gabriel,53
saint george,486
saint george isl,3
saint george island,202
saint george township,1
saint germain,58
saint hedwig,137
saint helen,25
saint helena,111
saint helena island,184
saint helens,123
saint henry,2
saint hilaire,3
saint hwy 172,1
saint ignace,40
saint ignatius,29
saint inigoes,13
saint jacob,16
saint james,218
saint james city,133
saint jo,27
saint joe,28
saint john,260
saint john plt,1
saint johns,770
saint johnsbury,32
saint johnsville,21
saint johnsville village,2
saint joseph,655
saint landry,1
saint leonard,88
saint libory,44
saint louis,7159
saint louis park,444
saint louisville,3
saint lucas,1
saint lucie west,7
saint marie,3
saint maries,73
saint marks,11
saint martin,2
saint martinville,53
saint mary,15
saint mary's,4
saint mary's point,2
saint marys,581
saint matthews,22
saint meinrad,1
saint michael,221
saint michaels,62
saint nazianz,1
saint ottoville,2
saint paris,43
saint paul,2429
saint paul park,41
saint pauls,28
saint pete,6
saint pete bch,1
saint pete beach,152
saint peter,57
saint peters,604
saint petersburg,3403
saint phillip's rd,1
saint regis,21
saint regis falls,15
saint robert,194
saint rose,15
saint rt,2
saint simons,10
saint simons island,144
saint stephen,39
saint stephens church,17
saint teresa,28
saint thomas,136
salado,107
salamanca,32
salcha,22
sale city,1
sale creek,16
salem,3025
salem lakes,1
salem township,10
salemburg,27
salesville,15
salida,198
salina,529
salinas,591
saline,207
salineville,13
salisbury,1115
salisbury center,28
salisbury mills,4
salix,8
salkum,7
salley,9
sallis,4
sallisaw,88
salmon,38
salol,5
salome,79
salt lake city,597
salt lick,13
salt point,21
salt rock,4
salt springs,41
salter path,9
salters,12
saltese,3
saltillo,226
salton city,47
salton sea,3
salton sea beach,2
saltsburg,19
saltville,21
saluda,121
salvisa,15
salvo,36
salyer,9
salyersville,20
sam black church,1
samaria,1
sammamish,365
samoa,1
sampson township,1
samson,10
samsonville,2
san acacia,2
san acacio,8
san andreas,62
san angelo,475
san anselmo,79
san antonio,7324
san ardo,2
san augustine,22
san benito,140
san bernardino,1497
san bruno,217
san buenaventura,1
san carlos,211
san clemente,429
san cristobal,8
san diego,7084
san dimas,202
san elizario,22
san felipe,6
san fernando,90
san fidel,1
san francisco,4605
san gabriel,176
san german,11
san geronimo,6
san gregorio,5
san isabel,1
san isidro,1
san jacinto,459
san joaquin,7
san jon,4
san jose,4962
san juan,636
san juan bautista,29
san juan capistrano,245
san juan island,34
san leandro,452
san leon,168
san lorenzo,169
san lucas,1
san luis,176
san luis obispo,169
san manuel,29
san manuel linn,1
san marcial,1
san marcos,1273
san marino,97
san martin,33
san mateo,703
san miguel,46
san pablo,179
san pasqual,1
san pasqual valley,6
san patricio,5
san pedro,479
san perlita,1
san pierre,6
san rafael,383
san ramon,451
san saba,28
san sebastian,20
san simeon,7
san simon,22
san tan valley,1131
san ygancio,1
san ygnacio,7
san ysidro,41
sanatoga,4
sanborn,27
sanbornton,11
sand beach township,2
sand canyon,3
sand city,2
sand coulee,2
sand creek,3
sand fork,1
sand lake,93
sand lake township,2
sand point,8
sand rock,9
sand rock rd,1
sand springs,352
sand springs valley,1
sandborn,1
sanders,41
sanderson,35
sandersville,47
sandestin,2
sandgate,3
sandia,95
sandia park,154
sandisfield,23
sandoval,8
sandown,16
sandpoint,237
sands point,41
sands township,4
sandston,129
sandstone,36
sandusky,406
sandwich,283
sandy,302
sandy creek,15
sandy hook,70
sandy lake,7
sandy level,8
sandy point,1
sandy ridge,21
sandy river plt,24
sandy spring,17
sandy springs,502
sandy valley,39
sandys,2
sandyston,21
sandyville,6
sanford,882
sanford ny,1
sanger,225
sangerfield,1
sangerville,1
sanibel,144
sanitaria springs,1
sansom park,23
santa,5
santa ana,731
santa anna,15
santa barbara,155
santa clara,684
santa clarita,151
santa claus,44
santa cruz,432
santa fe,1491
santa fe springs,81
santa isabel,16
santa margarita,56
santa maria,291
santa monica,611
santa nella,8
santa paula,164
santa rita,9
santa rosa,1224
santa rosa beach,777
santa teresa,44
santa ynez,29
santa ysabel,13
santaquin,57
santee,592
santiago,2
santo,43
santurce,2
sapello,4
sapphire,246
sapulpa,275
saragosa,2
sarah,14
sarahsville,3
saraland,103
saranac,36
saranac inn,1
saranac lake,83
sarasota,2332
saratoga,280
saratoga springs,843
sarcoxie,10
sardinia,8
sardis,49
sarepta,6
sargeant,2
sargent,185
sargents,1
sarine rd,1
sarona,11
sartell,167
sarver,39
sasakwa,10
sassafras,3
sasser,1
satanta,6
satartia,3
satellite beach,227
satsop,2
satsuma,155
saucier,79
saugatuck,28
saugerties,234
saugerties village,1
saugus,392
sauk centre,63
sauk city,57
sauk rapids,105
sauk village,69
saukville,16
saulsbury,6
saulsville,1
sault,1
sault sainte marie,62
saunemin,7
sauquoit,25
sausalito,87
sautee,1
sautee nacoochee,95
savage,258
savanna,66
savannah,2423
savannah lakes,1
saverton,1
savona,1
savoy,145
sawpit,2
sawyer,39
sawyerville,2
saxapahaw,4
saxe,5
saxis,1
saxon,7
saxonburg,26
saxton,9
saybrook,21
saylorsburg,86
sayner,4
sayre,86
sayreville,198
sayville,55
scales mound,1
scalf,2
scaly mountain,71
scaly mtn,1
scammon,8
scandia,23
scandinavia,8
scanlon,1
scappoose,125
scarborough,42
scarbro,2
scarsdale,160
scenery hill,5
scenic,1
scenic overlook breezy point,1
schaefferstown,3
schaffer,1
schaghticoke,47
schaller,2
schaumburg,487
schellsburg,8
schenectady,785
schenevus,4
schererville,42
scherr,1
schertz,227
schiller park,77
schleswig,11
schnecksville,8
schneider,1
schodack landing,68
schoenchen,1
schoepke pelican lake,1
schofield,22
schoharie,29
school saint lockport,1
schoolcraft,44
schriever,21
schroeder,3
schroeppel,4
schroon lake,43
schulenburg,64
schulter,1
schuyler,32
schuyler falls,13
schuylerville,22
schuylkill county,31
schuylkill haven,63
schwenksville,82
science hill,52
scio,62
scio township,6
sciota,14
scioto township,1
sciotoville,4
scipio,2
scipio center,1
scituate,195
scobey,2
scofield,18
scooba,3
scotch plains,137
scotia,56
scotland,32
scotland neck,17
scotrun,28
scott,133
scott bar,2
scott city,40
scott depot,54
scott township,51
scottdale,171
scottown,4
scotts,15
scotts hill,5
scotts mills,15
scotts valley,119
scottsbluff,59
scottsboro,120
scottsburg,49
scottsdale,3430
scottsville,267
scottville,57
scranton,560
screven,18
scriba,1
scribner,4
scroggins,61
scurry,49
sd,1
sd 57601,1
sea bright,29
sea cliff,19
sea girt,31
sea island,13
sea isle city,122
sea ranch,1
sea ranch lakes,8
seabeck,52
seaboard,3
seabrook,320
seabrook island,36
seacliff,2
seacrest,16
seadrift,82
seaford,290
seaforth,1
seagoville,112
seagraves,7
seagrove,20
seal beach,351
seal rock,12
seale,18
sealevel,7
sealy,233
seaman,4
seanor,1
seaport,7
searchlight,18
searcy,210
searingtown,7
searles,1
sears,7
searsboro,4
searsburg,3
searsmont,8
searsport,16
seaside,225
seaside heights,87
seaside park,44
seat pleasant,1
seatac,116
seattle,5884
seaview,17
seaville,19
sebago,9
sebastian,328
sebastopol,133
sebec,12
sebeka,6
sebewaing,9
sebree,5
sebring,1158
sec 32 subd 05 orange city,1
secane,38
secaucus,67
secesh,1
secor,11
secretary,5
section,12
section 03 mims,1
section 28 cocoa,1
section 29 cocoa,1
section 32 cocoa,1
security,1
sedalia,189
sedan,5
sedgewickville,2
sedgwick,17
sedley,2
sedona,299
sedro woolley,223
seebert,3
seekonk,80
seeley,8
seeley lake,44
seeley lake river watch trl,1
seffner,289
seguin,899
seiad valley,5
seibert,3
seiling,3
sekiu,4
selah,62
selawik,2
selby,4
selbyville,180
selden,122
seldovia,8
select one,2
selfridge,1
seligman,295
selinsgrove,34
selkirk,8
sellers,3
sellersburg,48
sellersville,91
selma,303
selmer,51
selmont,1
seltzer,3
seminary,14
seminole,717
semmes,83
semora,15
senath,2
senatobia,54
seneca,456
seneca falls,43
seneca rocks,2
senecaville,27
seney,6
senioa,3
senoia,213
sentinel,4
sentinel butte,1
sequatchie,13
sequim,316
sequoia crest,4
serafina,5
serena,7
sergeant bluff,67
service creek,1
sesser,9
setauket,44
seth,3
seven bays,20
seven devils,51
seven hills,88
seven mile,1
seven oaks,1
seven points,15
seven springs,6
seven valleys,50
severance,167
severn,226
severna park,193
severy,4
sevierville,1424
seville,70
sewalls point,6
sewanee,20
seward,55
sewaren,14
sewell,235
sewickley,178
sextonville,1
seymour,387
sfc 503,2
sfulton,1
shabbona,10
shacklefords,13
shade,3
shade gap,11
shadow hills,34
shady,2
shady cove,40
shady dale,10
shady hills,6
shady point,9
shady shores,10
shady side,91
shady spring,16
shady valley,4
shadyside,39
shafer,26
shafter,51
shaftsburg,2
shaftsbury,13
shaker heights,296
shakopee,264
shalimar,40
shallotte,328
shallowater,49
shamokin,48
shamokin dam,6
shamong,55
shamong township,1
shamrock,13
shandaken,21
shandon,18
shaniko,4
shanks,1
shanksville,1
shannon,23
shannon city,1
shannon hills,8
shaokatan township,1
shapleigh,14
shark key,1
sharon,318
sharon center,2
sharon grove,3
sharon hill,52
sharon springs,26
sharon township,2
sharonville,22
sharps chapel,157
sharpsburg,189
sharpsville,36
sharptown,10
shartlesville,1
shasta,14
shasta lake,63
shasta saint,1
shattuck,21
shavano park,13
shaver lake,64
shavertown,59
shaw,2
shaw island,3
shawano,180
shawboro,42
shawmut,6
shawnee,568
shawnee mission,1
shawneetown,2
shawsville,14
sheakleyville,1
sheboygan,309
sheboygan falls,178
shedd,1
sheep ranch,5
sheepshead bay,2
sheffield,173
sheffield  village,7
sheffield lake,48
sheffield village,20
shelbiana,9
shelbina,12
shelburn,5
shelburne,35
shelby,519
shelby gap,1
shelby township,142
shelbyville,518
sheldahl,1
sheldon,56
shell knob,162
shell lake,17
shell point,3
shell rock,24
shelley,30
shellman,1
shellman bluff,38
shellsburg,7
shelly,1
shelocta,18
shelter cove,65
shelter island,56
shelter island heights,2
shelton,506
shenandoah,162
shenandoah junction,24
shepherd,169
shepherd vlg,1
shepherdstown,85
shepherdsville,204
sheppton,4
sherard,1
sherard rd wheatland,4
sherborn,27
sherburn,10
sherburne,32
sheridan,590
sherman,419
sherman oaks,555
sherman t wi,1
sherman township,1
shermans dale,35
sherrard,53
sherrie ln,1
sherrill,20
sherrills ford,129
sherrodsville,14
sherwood,434
sherwood forest,21
sherwood shores iii,1
shetek township,2
shevlin,10
sheyenne,1
shiawassee township,1
shible township,1
shickley,6
shickshinny,21
shidler,3
shieldsville township,3
shillington,21
shiloh,100
shiner,34
shingle springs,102
shinglehouse,20
shingleton,1
shingletown,105
shingobee,2
shinnecock hills,1
shinnston,29
shiocton,15
ship bottom,31
shipman,40
shippensburg,189
shippenville,18
shippingport,3
shipshewana,3
shiremanstown,2
shirland,1
shirley,316
shirleysburg,4
shiro,3
shoals,8
shock,1
shoemakersville,17
shohola,105
shokan,20
shongaloo,10
shoreacres,33
shoreham,39
shoreline,412
shoreview,166
shorewood,314
short gap,2
shorter,8
shortsville,14
shoshone,27
shoshoni,6
shoup,1
show low,368
showell,1
shreve,6
shreveport,1481
shrewsbury,166
shrewsbury township,6
shrub oak,6
shubuta,9
shulerville,1
shullsburg,9
shumway,6
shunk,1
shuqualak,2
shushan,2
shutesbury,12
siasconset,1
sibley,25
sicily island,3
sicklerville,282
side lake,6
sidell,3
sidman,3
sidnaw,3
sidney,348
sidney center,2
sidney hills sidney,1
sidon,2
sienna plantation,3
sieper,1
sierra blanca,66
sierra bonita,3
sierra city,15
sierra madre,71
sierra vista,380
sierraville,3
siesta key,2
sigel,10
sigel township,1
signal hill,90
signal mountain,89
sigourney,24
sigurd,3
sikeston,127
silas,2
silcrk,1
siler city,50
silesia,2
siletz,10
silex,54
silo,2
siloam,3
siloam springs,298
silsbee,76
silt,56
silva,9
silver bay,22
silver city,427
silver cliff,57
silver creek,85
silver gate,2
silver grove,8
silver lake,56
silver lakes,23
silver plume,1
silver point,35
silver ridge township,1
silver spring,1574
silver springs,497
silver star,5
silver township,1
silverado canyon,29
silverbrook rd,1
silvercreek township,1
silverdale,153
silverhill,67
silverlake,22
silverstreet,1
silverthorne,250
silverton,153
silverwood,5
silvis,53
simi valley,873
simla,4
simmesport,2
simmons rd,1
simms,39
simonton,34
simpson,29
simpsonville,1085
sims,22
simsboro,10
simsbury,73
sinajana,8
sinclair,10
sinclairville,10
singer,7
singer island,4
singers glen,6
sinking spring,66
sinks grove,3
sinton,60
sioux center,12
sioux city,235
sioux falls,836
sioux rapids,8
sipesville,1
sipsey,2
siren,42
sisseton,6
sissonville,6
sister bay,62
sisterdale,2
sisters,129
sistersville,13
sitka,34
six lakes,8
six mile,62
six mile run,1
sixes,3
skagway,1
skamania,4
skamokawa,2
skandia,6
skaneateles,77
skaneateles falls,2
skanee,1
skellytown,2
skiatook,190
skidmore,19
skillman,27
skippack,10
skippers,3
skipperville,6
skipwith,15
skokie,435
skowhegan,26
skull valley,9
sky high,1
sky valley,84
skyforest,6
skykomish,6
skyline,1
skytop,1
skywagon ln,1
slade,1
slagle,1
slana,3
slanesville,13
slate hill,12
slate run,1
slater,19
slaterville springs,1
slatington,16
slaton,30
slatyfork,31
slatyridge,1
slaughter,18
slaughters,1
slaughterville,7
slayton,58
sleepy eye,24
sleepy hollow,41
slickville,1
slidell,629
sligo,2
slinger,75
slingerlands,3
slippery rock,40
sloan,34
sloansville,3
sloat,1
sloatsburg,8
slocomb,22
slocum,4
sloughhouse,6
slovan,6
smackover,8
smallwood,14
smartsville,44
smelterville,4
smethport,20
smicksburg,6
smiley,16
smith,60
smith center,22
smith point,12
smith river,44
smithburg,1
smithdale,10
smithers,3
smithfield,403
smithland,15
smithmill,2
smiths creek,7
smiths ferry,1
smiths grove,41
smiths station,36
smithsburg,48
smithton,42
smithtown,146
smithville,386
smithville flats,1
smithwick,1
smoaks,6
smock,8
smoke rise,10
smoky hollow,1
smoot,4
smyer,2
smyrna,1037
smyrna mills,7
snake creek loop,1
sneads,22
sneads ferry,490
sneedville,62
snelling,9
snellv,5
snellville,523
snohomish,503
snook,55
snoqualmie,111
snoqualmie pass,41
snover,7
snow camp,25
snow hill,126
snow lake shores,1
snow shoe,7
snowball,1
snowbird,1
snowden,5
snowflake,165
snowmass,8
snowmass village,138
snowshoe,66
snowville,4
snyder,95
snyderville,1
so coffeyville,2
soap lake,57
sobieski,24
social circle,104
society hill,3
socorro,271
soda springs,48
soddy daisy,188
sodus,19
sodus point,9
solana beach,67
solatario terlingua ranch,1
soldier,3
soldiers grove,7
soldotna,66
solebury,1
soledad,34
solgohachia,2
solitude,1
solo,3
solomon,19
solomons,32
solon,272
solon springs,22
solsberry,13
solvang,26
solvay,24
solway,9
somerdale,63
somers,94
somers point,87
somers township,1
somerset,954
somerset center,5
somersworth,26
somerton,63
somerville,568
somes bar,1
somis,30
somonauk,41
sonoita,24
sonoma,196
sonora,401
sontag,7
sopchoppy,41
soper,8
soperton,15
sophia,17
soquel,37
sorento,5
sorrento,104
soso,12
soudan,3
souderton,70
soulsbyville,20
sound beach,52
sour lake,105
souris,1
south 1st saint,2
south 21st saint,1
south 5th saint,1
south abington,3
south abington township,39
south amboy,95
south amherst,10
south barrington,67
south bay,13
south beach,28
south beloit,61
south bend,353
south berwick,11
south bethany,20
south bethlehem,1
south bloomfield,44
south bloomingville,5
south boardman,16
south boston,109
south bound brook,30
south branch,14
south bristol,3
south brunswick,206
south burlington,38
south byron,1
south cairo,2
south charleston,95
south chatham,15
south cheektowaga,1
south chicago heights,18
south cle elum,9
south coffeyville,3
south colonie,1
south colton,4
south cowan saint,2
south dakota saint,1
south dayton,9
south daytona,63
south dennis,43
south dos palos,2
south el monte,49
south elgin,262
south end,3
south english,1
south euclid,279
south fallsburg,10
south floral park,7
south fork,170
south fork lodgepole rd,1
south fulton,167
south gate,132
south gerald davis ln,1
south gibson,5
south glens falls,56
south greenfield,1
south hackensack,3
south hadley,106
south hampton,2
south harrison township,1
south haven,232
south heart,15
south heights,4
south hempstead,7
south hero,4
south hill,37
south holland,94
south houston,62
south huntington,11
south hutchinson,31
south jacksonville,2
south jamesport,4
south jordan,214
south kingstown,228
south lake tahoe,532
south lebanon,25
south lyon,60
south marietta parkway,1
south miami,80
south mills,37
south milwaukee,122
south mountain,3
south nebraska saint,1
south new berlin,1
south ogden,23
south orange,2
south orange village,2
south orange village township,92
south otselic,5
south ozone,1
south ozone park,109
south padre island,307
south palm beach,34
south park,67
south pasadena,221
south pekin,6
south pittsburg,63
south plainfield,154
south plymouth,2
south point,31
south portland,12
south prairie,8
south range,27
south richmond hill,2
south river,86
south rockwood,4
south roxana,20
south russell,2
south saint paul,165
south salem,15
south salt lake,21
south san francisco,231
south san gabriel,1
south seaside park,2
south seaville,6
south setauket,21
south shore,16
south sioux city,101
south solon,1
south state road 3,1
south sterling,4
south taft mason city,1
south thomaston,14
south toe,1
south us 301 clark saint,1
south utah saint,1
south vandervoort rd,1
south vienna,13
south wales,15
south wayne,7
south weber,11
south webster,5
south whitehall township,23
south whitley,4
south williamson,10
south williamsport,11
south wilmington,1
south windsor,92
south yarmouth,117
south zanesville,1
southam,1
southampton,505
southaven,344
southborough,50
southbridge,120
southbury,102
southeast 141 pl,1
southeast 142nd ln,1
southeast 201st saint,1
southeast 58 ave,2
southeast hart ave,1
southern pines,200
southern shores,40
southfield,85
southfield township,1
southfields,3
southgate,66
southington,169
southlake,203
southmayd,16
southmont,1
southold,50
southport,784
southside,52
southside place,13
southwest 32nd pl,1
southwest 87th cir,1
southwest city,9
southwest harbor,9
southwest ranches,77
southwest texas saint,1
southwick,76
spalding,3
spanaway,538
spang township,1
spangle,20
spanish fork,225
spanish fort,200
spanishburg,2
sparkill,3
sparkman,1
sparks,1102
sparks glencoe,26
sparland,23
sparr,1
sparrow bush,25
sparrows point,25
sparta,1004
sparta township,1
spartanburg,834
spartansburg,6
spaulding,6
spaulding township,2
spavinaw,16
speaker township,3
spearfish,164
spearman,6
spearsville,14
spearville,1
speculator,5
speedway,31
speedwell,101
spelter,1
spencer,612
spencer brook township,12
spencerport,56
spencertown,1
spencerville,22
speonk,5
speonk remsenburg,1
sperry,91
sperryville,15
spiceland,6
spicer,59
spicewood,162
spillville,2
spindale,27
spirit lake,223
spiritwood lake,2
spiro,19
spisak rd,1
spivey,5
splendora,223
spofford,1
spokane,2831
spokane valley,753
spooner,47
spotswood,95
spotsylvania,401
spottsville,2
spout spring,7
spr,1
sprague,38
sprague river,35
spragueville,1
sprakers,8
spray,9
spreckels,6
sprigg township,17
spring,2485
spring arbor,34
spring bay,5
spring branch,365
spring brook township,11
spring church,1
spring city,250
spring cove rd,1
spring creek,127
spring glen,8
spring green,52
spring grove,265
spring hill,381
spring hope,28
spring house,1
spring lake,319
spring lake heights,26
spring lake park,55
spring mills,22
spring mount,5
spring park,3
spring run,5
spring valley,650
spring valley township,6
spring valley village,20
springboro,91
springbrook,7
springdale,796
springer,23
springerville,41
springfield,4772
springfield center,15
springfield center new york,1
springfield gardens,62
springfield township,158
springhill,1660
springport,9
springstead,1
springtown,291
springvale,1
springvale township,1
springville,428
springwater,19
sprott,2
spruce,21
spruce creek,3
spruce drive,1
spruce pine,167
spud patch rd,3
spur,8
spurger,16
spurlockville,1
spurr township,1
square butte,1
squaw lake,3
squaw valley,65
squire,2
st augustine,10
st johns,9
st peters,3
st. augustine,57
st. cloud,32
st. george,12
st. hedwig,8
st. johns,48
st. michael,19
staatsburg,47
stacy,36
stacyville,3
stafford,1047
stafford springs,1
stafford township,8
staffordsville,20
stage road virginia city,1
stagecoach,82
stahlstown,4
staley,9
stallings,18
stallion springs,2
stambaugh,19
stamford,537
stamping ground,33
stamps,3
stanardsville,137
stanberry,4
stanchfield,19
standish,71
stanfield,74
stanfold township,1
stanford,97
stanfordville,24
stanhope,29
stanley,296
stanleytown,4
stannard,1
stannard township,1
stansbury park,50
stanton,219
stantonsburg,8
stantonville,4
stanville,9
stanwood,233
staplehurst,1
staples,42
stapleton,33
star,454
star city,24
star harbor,6
star lake,16
star prairie,17
star ranch,1
star tannery,8
star township,5
star valley,24
star valley ranch,50
starbuck,33
starford,2
stark,9
stark city,8
starke,189
starks,6
starksboro,2
starkville,301
starlight,13
starr,14
starrucca,7
start,10
startex,14
state center,19
state college,346
state highway 55,2
state highway 67,1
state highway 70,1
state highway 97,1
state line,6
state road,18
stateburg,1
stateline,92
staten island,2633
statenville,3
statesboro,369
statesville,603
statham,161
statts mills,1
staunton,497
staunton park,2
stayton,43
ste genevieve,33
steam mill rd,1
steamboat rock,3
steamboat springs,225
stearns,18
stecoah,7
stedman,43
steedman,3
steele,36
steeles tavern,5
steeleville,13
steelton,69
steelville,35
steens,2
steger,54
steilacoom,62
steinhatchee,123
stella,64
stelle,1
stem,6
stendal,1
stephen,1
stephens,11
stephens city,207
stephenson,105
stephenson t wi,3
stephensport,1
stephensville,3
stephentown,42
stephenville,265
steptoe,4
sterling,1137
sterling city,4
sterling heights,167
sterling township,14
sterlington,220
sterrett,61
stetson,5
stetsontown township,1
stetsonville,7
steuben,13
steubenville,191
stevens,43
stevens point,200
stevens village,1
stevensburg,4
stevenson,43
stevenson ranch,75
stevensville,358
stevinson,13
steward,4
stewardson,2
stewart,34
stewart manor,2
stewart valley,1
stewartstown,255
stewartsville,7
stewartville,59
stickney,33
stidham,1
stigler,92
stiles,2
stilesville,2
stillman valley,23
stillwater,706
stillwater village,1
stilwell,112
stinnett,16
stinson beach,4
stirling city,4
stirum,1
stites,9
stittville,3
stitzer,1
stock island,18
stockbridge,628
stockdale,38
stockett,4
stockholm,4
stockport,30
stockton,2444
stockton springs,14
stockville,1
stockwell,2
stoddard,17
stokes,12
stokesdale,137
stollings,4
stone,22
stone creek,5
stone harbor,48
stone hill dr mayflower,2
stone lake,17
stone mountain,587
stone park,20
stone ridge,36
stoneboro,9
stonec,3
stonecrest,107
stonefort,5
stonegate at harrison harrison,1
stoneham,113
stonehill ranch ests mayflower,1
stonelick township,8
stonem,4
stoneville,78
stonewall,50
stonewood,9
stoney beach,13
stonington,80
stony brook,60
stony creek,29
stony hills dr perham,3
stony hills ln perham,2
stony point,73
stonyford,15
storden,5
storm lake,44
stormville,38
storrs,5
story,23
story city,74
stoughton,343
stout,6
stoutland,9
stoutsville,25
stovall,3
stover,59
stow,289
stowe,41
stowell,3
stoystown,10
strabane,6
strafford,39
straight dr,2
straight dr unit,1
strang,8
strange creek,1
strasburg,227
stratford,337
stratham,11
strathcona,3
strathmere,13
strathmore,16
strattanville,4
stratton,37
straughn,3
strausstown,5
strawberry,40
strawberry plains,45
strawberry point,3
strawberry valley,6
strawberry valley rd,1
strawn,21
streamwood,249
streator,137
street,33
streeter,2
streetman,79
streetsboro,174
strickland township,1
stringer,2
stringtown,5
stromsburg,8
strong,6
strong city,3
stronghurst,7
strongstown,1
strongsville,187
stroud,32
stroud township,4
stroudsburg,269
strum,38
strunk,9
struthers,107
stryker,6
strykersville,12
stuart,761
stuart island,9
stuarts draft,98
studio city,267
study butte,1
study butte terlingua,1
stumpy point,11
sturbridge,71
sturgeon,10
sturgeon bay,198
sturgeon lake,25
sturgeon township,1
sturges,1
sturgis,271
sturtevant,55
stuttgart,65
stuttgart casscoe,1
stuyvesant,31
stuyvesant hts,3
suamico,57
subiaco,3
sublette,134
sublimity,18
success,3
suches,55
sudan,3
sudbury,123
sudlersville,18
suffern,56
suffield,44
suffolk,369
sugar camp,17
sugar city,11
sugar creek,9
sugar grove,179
sugar hill,119
sugar island,18
sugar island township,1
sugar land,1016
sugar loaf,2
sugar mountain,73
sugar notch,4
sugar run,5
sugar tree,10
sugar valley,8
sugarcreek,22
sugarcreek township,73
sugarh,2
sugarloaf,119
sugarloaf key,2
sugartown,3
suisun city,121
suitland,130
sula,7
sulligent,5
sullivan,292
sullivan city,23
sullivans island,10
sully,7
sulphur,432
sulphur bluff,3
sulphur rock,3
sulphur springs,181
sultan,116
sumas,38
sumatra,1
sumava resorts,2
sumerco,2
sumerduck,30
sumiton,29
summer lake,3
summer shade,12
summerdale,87
summerfield,769
summerfield township,3
summerhill,3
summerland,8
summerland key,22
summers,12
summerset,31
summersville,56
summerton,85
summertown,46
summerville,1047
summit,343
summit hill,19
summit lake,9
summit park,1
summit point,11
summit ridge dr,1
summit township,1
summitville,4
sumner,168
sumner township,1
sumpter,16
sumpter township,54
sumrall,80
sumter,792
sumter township,1
sumterville,32
sun,2
sun city,908
sun city center,563
sun city west,619
sun lakes,323
sun prairie,383
sun river,2
sun river terrace,2
sun valley,294
sun village,24
sunapee,20
sunbright,21
sunburg,1
sunburst,8
sunbury,186
sundance,47
sundance dr chiloquin,1
sundance ranches deming,2
sunderland,30
sundown,7
sundown ln,1
sunfair,1
sunfield,17
sunfish lake,4
sunflower,6
sunland,118
sunland park,163
sunman,6
sunny hills,1
sunny isles beach,1125
sunny slopes,1
sunny valley,6
sunnybank,2
sunnydale saint,1
sunnyside,105
sunnyvale,852
sunol,15
sunray,10
sunrise,567
sunrise beach,162
sunriver,50
sunset,237
sunset beach,266
sunset hills,7
sunset park,1
sunset valley,1
sunshine,2
sunsites,2
superior,389
superior township,29
superstition,1
supply,520
suquamish,29
sur ln hot springs village,1
surf city,226
surfside,135
surfside beach,269
surgoinsville,33
suring,18
surprise,1591
surrency,2
surrey,18
surry,45
surveyor,2
susan,13
susanville,128
susquehanna,54
sussex,109
sutersville,6
sutherland,36
sutherland springs,3
sutherlin,91
sutter,23
sutter creek,93
sutton,126
suttons bay,80
suwanee,523
suwannee,9
swain,19
swainsboro,55
swainton,10
swaledale,2
swall meadows,6
swampscott,68
swan,4
swan creek township,3
swan lake,12
swan point,22
swan river,4
swan valley,24
swanger circle,1
swanlake,1
swannanoa,73
swanquarter,3
swans island,8
swansboro,191
swansea,194
swanton,127
swanville,18
swanzey,13
swarthmore,34
swartz creek,70
swatara,1
swatara township,1
swayzee,2
swea city,2
sweden,3
swedesboro,100
sweeden,1
sweeny,91
sweet,18
sweet home,117
sweet springs,9
sweet valley,12
sweet water,6
sweetser,1
sweetwater,181
sweitzer rd,1
swepsonville,1
swiftwater,9
swink,10
swisher,20
swiss township,4
swisshome,4
switz city,3
swoope,14
swords creek,9
swoyersville,17
sycamore,284
sycamore hills,1
sycamore township,39
sykesville,210
sylacauga,200
sylmar,409
sylva,382
sylvan,3
sylvan beach,13
sylvan grove,5
sylvan lake,3
sylvan lake rd,1
sylvan springs,16
sylvan township,4
sylvania,211
sylvester,27
sylvia,5
symmes township,28
symsonia,7
syosset,80
syracuse,1445
syria,3
t 3 sewanee hwy,1
t1 r9 wels,2
t10 sd,1
t11 r4 wels,1
t13 r8 wels,1
t3 indian purchase township,2
t3 r1 nbpp,1
t3 r12 wels,1
t3 r4 bkp wkr,3
t3 r9 nwp,1
t34n r1e hallberg rd,1
t5 r7 wels,1
t6 r1 nbpp,1
t8 r7 wels,1
ta r2 wels,1
taberg,20
tabernacle,43
tabernash,36
tabiona,5
table grove,1
table rock,1
tabor,8
tabor city,81
tacna,9
tacoma,2579
taconite,4
taft,171
tafton,64
taghkanic,17
tahlequah,408
tahoe city,32
tahoe vista,10
tahoka,9
taholah,3
tahoma,7
tahuya,22
tajique,7
takoma park,96
talala,21
talbott,71
talbotton,9
talco,26
talcott,3
talent,78
talihina,38
talisheek,1
talkeetna,10
talking rock,203
tall timbers,17
talladega,170
tallahassee,1125
tallapoosa,88
tallassee,100
tallmadge,153
tallman,1
tallmansville,4
tallula,2
tallulah,8
tallulah falls,2
talmage,5
talmo,4
talmoon,3
talofofo,21
taloga,3
talon trl crosslake,1
talpa,5
talty,12
tama,19
tamaqua,49
tamarac,662
tamarack,3
tamaroa,9
tamassee,23
tamiment,22
tamms,4
tamora,1
tampa,6058
tampico,3
tamuning,43
tamworth,25
taneytown,89
taneyville,1
tangent,4
tangier,1
tangipahoa,10
tanner,4
tannersville,109
taos,354
taos ski valley,29
tapiola,1
tappahannock,73
tappan,7
tar heel,7
tarboro,141
tarentum,53
tarkington,4
tarkington prairie,6
tarkio,6
tarpley,2
tarpon springs,302
tarrant,25
tarrs,3
tarrytown,31
tarversville,1
tarzana,229
taswell,4
tate,6
tate township,18
tatitlek,5
tatum,87
tatums,1
taunton,198
tavares,456
tavernier,79
tawas city,49
tawas township,1
taycheedah,1
taylor,297
taylor lake village,28
taylor mill,44
taylor page ave,2
taylor ridge,10
taylor springs,3
taylors,450
taylors falls,14
taylors island,7
taylorsville,388
taylorville,59
taymouth township,1
tazewell,181
tba southwest 136 ct,1
tbd 252 8 acres talbert ranch rd,1
tbd 42nd ct,1
tbd bachman grade rd oreana,1
tbd cushing churchill,1
tbd king ave pasco,3
tbd mogul lane inkom,1
tbd northwest 122nd pl,1
tbd off pomeroy lake rd,1
tbd southwest 152 ct,1
tbd terry peak summit rd,1
tbd2 albert hendry road,1
tchula,4
tea,35
teaberry,1
teachey,17
teague,68
teaneck,69
teasdale,1
teaticket,6
teays,1
tebbetts,1
tecate,2
tecolote,1
tecolotito,2
tecopa,1
tecumseh,191
tega cay,73
tehachapi,534
tehama,6
tehuacana,2
tekamah,5
tekoa,20
tekonsha,5
telephone,13
telferner,3
telford,95
tell city,64
tellico plains,127
telluride,73
temecula,1288
temescal valley,2
tempe,938
temperance,78
temperanceville,10
temple,1008
temple city,115
temple hills,209
temple terrace,171
templeton,107
ten mile,107
ten sleep,8
tenafly,43
tenaha,14
tenakee springs,2
tendoy,1
tenino,92
tenmile,4
tennant,1
tennessee,3
tennessee colony,17
tennessee ridge,10
tennille,33
tennyson,4
tensed,3
tenstrike,9
tequesta,76
tererro,1
terlingua,135
terlingua alpine,5
terllingua alpine,1
terlton,13
termo,14
terra,1
terra alta,88
terra bella,12
terra ceia,2
terra ceia island,1
terrace park,5
terral,1
terre haute,411
terre hill,3
terrebonne,103
terrell,276
terrell hills,19
terril,1
terry,44
terrytown,22
tescott,4
test oklahoma township,1
tesuque,1
teton,2
teton village,11
tetonia,61
teutopolis,6
tewksbury,164
tewksbury township,60
texarkana,330
texas city,685
texas creek,6
texas highway 186,1
texico,7
texline,1
texola,1
thackerville,10
thatcher,14
thaxton,32
thayer,57
thayne,22
the acreage,67
the cliffs ii sub unit blaine county,6
the colony,240
the dalles,203
the hills,7
the plains,31
the rock,1
the sea ranch,50
the shores on boyer lake lake park,3
the shores on boyer lake south lake park,2
the village,48
the villages,657
the woodlands,704
thebes,2
thelma,6
thendara,13
theodore,134
theodosia,25
theresa,51
theriot,14
thermal,151
thermopolis,54
thetford,6
thetford township,5
thibodaux,168
thicket,2
thief river falls,88
thiells,6
thiensville,20
third lake,9
thomas,19
thomas township,1
thomasboro,13
thomaston,257
thomastown township,3
thomasville,523
thompson,118
thompson falls,41
thompson ridge,6
thompsons,4
thompsons station,49
thompsontown,6
thompsonville,27
thomson,126
thonotosassa,121
thoreau,1
thorn hill,20
thornapple township,1
thorndale,22
thorndike,3
thorne bay,12
thornfield,3
thornhurst,30
thornton,639
thorntown,8
thornville,44
thornwood,13
thorofare,31
thorp,20
thorsby,61
thousand island park,1
thousand oaks,435
thousand palms,94
thrall,13
three forks,144
three lakes,37
three mile bay,22
three oaks,28
three rivers,176
three springs,14
three way,7
throckmorton,1
throop,27
thunderbolt,3
thurman,15
thurmond,13
thurmont,91
thurston,1
tibbie,1
tiburon,89
ticaboo,9
tickfaw,14
ticonderoga,82
tidewater,3
tidioute,2
tierra amarilla,28
tierra verde,97
tieton,22
tiffin,382
tiffin township,6
tifton,108
tigard,494
tiger,70
tigerton,14
tignall,42
tijeras,223
tiki island,54
tilden,9
tilden township,2
tilden wi,1
tilghman,25
tillamook,99
tillar,4
tillatoba,2
tilleda,1
tiller,2
tillman,2
tillson,9
tilton,15
tiltonsville,6
timber,1
timber cove,1
timberlake,32
timberon,114
timberville,33
timblin,1
timbo,1
timewell,2
timmonsville,47
timnath,147
timpson,26
tingley,7
tinley park,211
tinmouth,1
tinsman,1
tinton falls,81
tiny drive,1
tioga,83
tioga center,2
tiona,2
tionesta,23
tipler,1
tipler t wi,1
tiplersville,2
tipp city,187
tippecanoe,6
tipton,102
tiptonville,7
tiro,1
tisbury,4
tishomingo,35
tiskilwa,6
titlow hill,2
titonka,6
titus,22
titusville,879
tiverton,129
tivoli,42
toa alta,43
toa baja,50
toad lake township,1
toano,99
tobaccoville,44
tobinsport,3
tobyhanna,380
toccoa,178
todd,105
todd mission,1
toddville,11
tofte,5
togo,1
tohatchi dr cherokee village,1
toivola,1
tok,9
tokeen,1
tokeland,7
tolar,41
toledo,866
toledo bend,2
tolland,82
tollesboro,5
tolleson,183
tolley,2
tollhouse,15
tolono,24
tolovana park,1
toltec,3
toluca,14
toluca lake,78
toluca terrace,1
tom,1
tom bean,9
tomah,121
tomahawk,140
tomahawk wisconsin,1
tomales,7
tomball,1137
tombstone,55
tome,8
tomhegan twp,1
tomkins cove,3
tompkins,10
tompkinsville,33
toms brook,8
toms river,846
toms river township,10
tonasket,36
tonawanda,306
toney,52
tonganoxie,73
tongue river rd,1
tonica,8
tonka bay,11
tonkawa,23
tonopah,318
tontitown,35
tonto basin,66
tontogany,2
tony,1
tooele,184
tool,69
toomsboro,3
toomsuba,4
toone,9
topanga,139
topaz,2
topaz ranch estates,2
topeka,559
topinabee,16
topock,16
topock golden shores,81
toponas,1
toppenish,11
topping,19
topsail beach,36
topsfield,22
topsham,16
topton,84
toquerville,8
torbert,1
torch lake,16
torch lake township,4
tordenskjold township,1
tornado,2
tornillo,5
toronto,79
torrance,745
torreon,6
torrey,14
torrey pines dr asbury,1
torrington,217
toston,5
totowa,40
totowa boro,3
totz,2
touchet,10
toughkenamon,2
toulon,4
toutle,12
tovey,2
tow,13
towamensing township,4
towanda,96
tower,70
tower city,19
tower hill,3
tower lakes,7
town and country,47
town bluff,7
town creek,30
town of,1
town of liberty grov,7
town of webb,2
townbank,4
towner,3
townley,2
townsend,504
townshend,2
township,1
township of washington,11
township road 46,1
townsville,1
townville,35
towson,147
toyah,4
tr 8r saddle mtn ranch,1
trabuco canyon,61
tract a mucha lake,1
tract a twin lakes,1
tract b mucha lake,1
tract b twin lakes,1
tract c tbd 4805 county road 206,1
tract c twin lakes,1
tracy,644
tracy city,44
tracys landing,14
trade,16
trade lake,3
traer,25
trafalgar,10
trafford,73
trail,16
trail creek,5
trainer,1
tram,3
tranquillity,2
transfer,12
traphill,33
trappe,87
trapper creek,13
traskwood,7
travelers rest,413
traver,2
traverse city,915
treadway,2
treasure island,198
treasure lake,2
trego,31
trementina,1
tremont,42
tremont city,2
tremonton,47
trempealeau,16
trent,14
trent woods,40
trenton,1145
trenton township,4
tres piedras,46
tres pinos,4
tresckow,4
trescott township,4
trevor,64
trevorton,7
trevose,4
trexlertown,1
treynor,5
trezevant,3
triadelphia,12
triangle,91
tribbey,1
tribes hill,3
tribune,1
trilla,1
trimbelle,21
trimble,16
trimont,6
trinidad,173
trinity,671
trinity center,19
trinity pines,17
trinway,1
trion,48
tripoli,16
tripp,2
tripp township,1
triumph,1
trivoli,2
trommald,1
trona,37
trophy club,84
tropic,2
trosky,1
trotwood,44
troup,128
troupsburg,4
trout,5
trout creek,32
trout lake,20
trout lake township,2
trout run,3
trout valley,3
troutdale,107
troutman,107
troutville,70
troy,1590
troy little bear loop rd,5
troy northshore dr,1
troy pine creek rd,1
troy white dr,1
truchas,14
truckee,285
trucksville,7
truesdale,5
trujillo alto,58
truman,9
trumann,46
trumansburg,34
trumbauersville,4
trumbull,119
truro,47
trussville,489
truth or consequences,75
truxton,15
tryon,109
tualatin,190
tubac,169
tubbs street,1
tuckahoe,23
tuckasegee,136
tucker,219
tuckerman,11
tuckerton,103
tucson,8930
tucumcari,23
tuftonboro,33
tujunga,205
tukwila,89
tulalip,28
tulare,168
tularosa,50
tulelake,8
tuleta,3
tulia,32
tullahoma,89
tully,33
tulsa,3024
tumacacori,6
tumbling shoals,10
tumon,15
tumtum,14
tumwater,196
tunas,8
tunbridge,3
tunica,26
tunkhannock,73
tunnel hill,71
tunnelton,15
tuolumne,45
tupelo,580
tupper lake,56
tuppers plains,3
turbeville,3
turbotville,10
turin,19
turin township,1
turkey,8
turlock,445
turnberry way unit,2
turner,62
turners station,5
turnersville,26
turney,1
turon,4
turpin,3
turquoise trl unit tijeras,1
turrell,1
turret,2
turtle creek,30
turtle creek township,55
turtle lake,14
turtlepoint,5
turtletown,28
tuscaloosa,1072
tuscarawas,5
tuscarora,1
tuscola,144
tusculum,3
tuscumbia,124
tushka,2
tuskahoma,29
tuskegee,28
tussy,1
tusten,2
tustin,315
tutor key,3
tuttle,163
tuxedo,1
tuxedo park,36
twain,3
twain harte,99
twelve mile,1
twentynine palms,781
twentynineth street,1
twin bridges,13
twin city,9
twin falls,443
twin lake,53
twin lakes,162
twin oaks,2
twin oaks loop motley,3
twin peaks,81
twin rocks,2
twin township,3
twin valley,1
twining,10
twinsburg,117
twisp,31
two harbors,63
two harbors unorg terr,1
two inlets township,1
two rivers,62
tx,1
tx 76371 knox county,1
tyaskin,10
tybee island,60
tye,5
tye river,1
tygh valley,17
tyler,1149
tyler hill,7
tylersburg,1
tylerton,3
tylertown,41
tynan,2
tyndall,3
tyner,29
tyngsborough,54
tyonek,2
tyringham,14
tyro,6
tyrone,113
tyrone township,31
tyronza,2
tysons,2
u26 rio communities,1
ubly,6
ucross,3
udall,7
uehling,3
uhland,11
uhrichsville,69
uintah,2
ukiah,180
ulen,28
ullin,4
ulm,8
ulman,1
ulster,13
ulster park,34
ulysses,74
umatilla,241
umbarger,7
umpire,2
umpqua,9
unadilla,75
uncasville,18
underhill,2
underwood,23
undetermined lake county,2
uneeda,2
unicoi,62
unicorp drummonds,3
unicorp eads,7
unicorp memphis,7
unicorp rossville,1
unicorp saulsbury,1
union,847
union beach,64
union bridge,36
union center,2
union church,8
union city,725
union city in,1
union dale,28
union gap,13
union grove,76
union hall,91
union hill,2
union mills,61
union pier,34
union point,12
union springs,23
union star,4
union township,173
union twp,356
union valley,3
uniondale,42
uniontown,341
unionville,165
unit 22 rio rancho,1
unit 25 rio rancho,1
unit 7 rio rancho,1
unit peck,10
unit u rio communities,1
unity,22
unity township,1
unityville,1
universal city,45
university city,90
university heights,152
university park,210
university place,203
unknown,1404
unser unit 21 rio rancho,3
unser unit 25 rio rancho,4
upatoi,15
update,201
upham,1
upland,506
upper arlington,34
upper black eddy,23
upper brookville,27
upper captiva,43
upper chichester,27
upper darby,214
upper deerfield township,1
upper dublin,1
upper enchanted township,4
upper falls,3
upper freehold,5
upper gwynedd,4
upper holland,1
upper jay,9
upper lake,46
upper macungie township,9
upper marlboro,675
upper milford township,7
upper mt bethel,2
upper mt bethel township,30
upper nazareth township,5
upper saddle river,32
upper saint regis,1
upper sandusky,46
upper saucon township,19
upper thomas rd,1
upper township,1
upper tract,7
upperco,13
upperstrasburg,7
upperville,19
upsala,2
upson,7
upson v wi,1
upstream dr,1
upton,70
urbana,706
urbancrest,1
urbandale,440
urbanna,34
uriah,4
urich,5
ursa,5
ursina,1
ursine,7
us highway 12 east,1
us highway 275 hwy,1
us highway 464,3
useppa island,11
usk,22
ute,2
ute park,11
utica,640
utopia,4
utuado,24
uvalda,12
uvalde,141
uxbridge,106
vac cor avenue p8 cotton ave,1
vacant land,1
vacant lot,3
vacation court sturgis,1
vacation ct sturgis,1
vacaville,679
vacherie,43
vader,31
vadito,3
vadnais heights,89
vado,4
vagabond trl,1
vaiden,7
vail,834
val verde,39
valatie,25
valders,10
valdese,156
valdez,19
valdosta,648
vale,89
valencia,612
valentine,27
valentines,11
valera,7
valhalla,12
valier,20
valinda,5
valle,9
valle de oro,3
valle escondido,3
vallecito,3
vallecito lake bayfield,8
vallecitos,1
vallejo,732
valles mines,9
valley,170
valley bend,2
valley center,302
valley city,94
valley cottage,17
valley falls,17
valley ford,1
valley forge,1
valley glen,56
valley grande,37
valley grove,15
valley head,18
valley home,1
valley lee,9
valley mills,23
valley park,66
valley spring,9
valley springs,294
valley stream,209
valley township,2
valley view,80
valley village,128
valleyford,26
valleyview,6
valliant,30
vallonia,9
valmeyer,26
valmy,13
valparaiso,277
valri,1
valrico,446
valyermo,6
van,46
van alstyne,170
van buren,198
van buren township,47
van dyne,8
van etten,7
van horn,15
van horne,1
van lear,16
van meter,25
van nuys,329
van orin,1
van vleck,23
van wert,67
vance,49
vance creek township,2
vanceboro,70
vanceburg,34
vancleave,95
vancleve,4
vancouver,2743
vandale pl unit anderson,2
vandalia,156
vandemere,11
vandenberg village,1
vanderbilt,32
vandergrift,45
vanderpool,2
vandervoort,4
vanderwagen,4
vandiver,3
vandling,6
vanleer,5
vanlue,1
vanoss,1
vansant,8
vantage,35
vanzant,1
vardaman,4
varna,59
varnamtown,6
varnell,2
varney,1
varnville,19
varysburg,9
vashon,69
vass,115
vassalboro,9
vassar,38
vaughn,31
veazie,5
veblen,1
veedersburg,13
vega,3
vega alta,44
vega baja,41
veguita,27
veinna,1
velarde,7
velda village hills,1
velma,3
velpen,2
velva,15
venango,8
vendor,1
veneta,57
venetia,77
venice,1296
venice center,1
venice township,3
ventero,1
ventnor,104
ventnor city,5
ventnor heights,15
ventress,32
ventucopa,1
ventura,430
venus,109
vera,1
veradale,45
verbank,11
verbena,37
verden,3
verdi,25
verdigre,4
verdigris,2
verdunville,4
vergas,18
vergennes,7
vergus ave prior lake,1
veribest,3
vermilion,134
vermillion,66
vermont,1
vermontville,20
vernal,150
vernalis,4
verndale,4
vernon,638
vernon center,10
vernon hill,7
vernon hills,194
vernon township,2
vernonia,38
vero beach,1347
verona,681
verona beach,5
verona island,4
verplanck,2
versailles,283
vershire,2
vertrees,3
vesper,11
vest,1
vesta,4
vestaburg,8
vestal,99
vestavia hills,379
vesuvius,7
veterans blvd denham springs,1
vevay,37
veyo,8
via rancho del lago,1
viajero rd moriarty,1
vian,93
viborg,7
viburnum,6
vicco,5
vichy,7
vici,6
vickery,5
vicksburg,261
victor,333
victor township,1
victor valley,1
victoria,723
victorville,1403
victory,10
victory gardens,7
vida,22
vidal,6
vidalia,109
vidette,2
vidor,143
vienna,812
vienna township,17
vieques,96
viera,1
view park,35
vilas,87
villa grande,1
villa grove,36
villa hills,94
villa park,204
villa rica,338
villa ridge,69
village,1
village mills,53
village of,3
village of clarkston,2
village of golf,2
village of grosse pointe shores,6
village of islands,8
village of lake isabella,3
village of loch lloyd,2
village of windsor,5
villages,6
villalba,5
villano beach,1
villanova,41
villanow,1
villanueva,6
villard,2
villas,114
ville platte,56
villenova,1
villisca,4
vilonia,45
vina,5
vinalhaven,19
vincennes,26
vincent,93
vincentown,7
vine grove,104
vinegar bend,4
vineland,390
vinemont,30
vineyard,33
vineyard haven,42
vinings,1
vinita,62
vintage square estates fort pierre,1
vinton,276
vintondale,4
viola,34
violet,93
violet hill,3
viper,3
virden,15
virgie,17
virgil,3
virgilia,3
virgilina,5
virgin,15
virginia,65
virginia beach,517
virginia city,64
virginia gardens,15
virginriver,1
virginville,2
viroqua,41
visalia,504
vista,717
vista del mundo las tablas,1
vista grande estates laramie,20
vista linda,1
vivian,13
vl chick rd darien center,1
vl corner tinkham,1
voca,3
volant,7
volcano,217
volcanoville,1
volente,5
volga,39
volin,7
volney,1
volo,83
voluntown,18
von ormy,70
vona,1
vonore,180
voorhees,158
voorhees township,3
voorheesville,46
voss,2
vossburg,1
votaw,1
vowinckel,3
voyageurs tr biwabik,1
voyageurs trl biwabik,1
vulcan,5
w1225 overlook dr,1
w12363 cth,1
w12561 cth west,1
w16362 blue heron ln,1
w4986 highway 86,1
w6941 cth,1
w8670 silver birch rd,1
waasa,3
wabash,38
wabasha,33
wabasso,14
wabbaseka,4
wabeno,16
waccabuc,3
wachapreague,6
waco,603
waconia,136
wacouta,1
waddell,111
waddington,16
waddy,18
wade,12
wadena,21
wadesboro,77
wadesville,1
wading river,59
wadley,20
wadmalaw island,14
wadsworth,277
waelder,30
wagener,46
waggaman,29
waggoner,2
wagner,4
wagon mound,6
wagon trl,1
wagoner,153
wagram,70
waha,1
wahiawa,47
wahkiacus,1
wahkon,10
wahoo,33
wahpeton,22
waialua,31
waianae,247
waikoloa,63
waikoloa resort,1
waikoloa village,2
wailea,1
wailuku,135
waimanalo,17
waimea,6
wainiha,2
wainscott,24
wainwright,2
waipahu,106
waite,1
waite hill,1
waite park,53
waiteville,8
waitsburg,16
waitsfield,5
wakarusa,11
wake,10
wake forest,197
wake village,16
wakeeney,22
wakefield,226
wakeman,38
wakita,2
wakonda,1
wakulla county,3
wakulla springs,4
walbridge,15
walcott,19
waldeck,2
walden,58
walden ln,1
waldo,47
waldoboro,27
waldorf,742
waldport,72
waldron,54
waldron island,3
waldwick,25
wales,43
wales center,1
wales township,13
waleska,128
walford,2
walhalla,100
walhonding,3
walker,182
walker lake,25
walker valley,2
walkersville,96
walkerton,42
walkertown,80
walkerville,8
wall,63
wall lake,5
wall township,4
walla walla,242
wallace,207
wallaceton,1
wallagrass,7
walland,64
wallback,1
walled lake,5
waller,216
walling,22
wallingford,190
wallington,22
wallins,2
wallins creek,3
wallis,37
wallisville,12
wallkill,75
walloon lake,1
wallops island,5
wallowa,19
wallowa lake,14
walls,32
wallsburg,7
wallula,5
walnut,173
walnut bottom,5
walnut cove,75
walnut creek,953
walnut grove,46
walnut hill,17
walnut park,3
walnut ridge,23
walnut shade,26
walnut springs,15
walnutport,23
walpole,131
walsenburg,226
walsh,2
walshville,2
walstonburg,7
walterboro,134
walters,6
walthall,1
waltham,264
walthourville,14
walton,252
walton hills,15
waltonville,5
walworth,68
wamego,55
wamic,9
wampsville,2
wampum,21
wamsutter,2
wana,1
wanamingo,20
wanaque,64
wanatah,5
wanblee,1
wanchese,11
wanda,1
wando,12
wanette,16
wann,8
wannaska,4
wanship,24
wantage,3
wantage township,66
wantagh,139
wapakoneta,73
wapanucka,3
wapato,11
wapella,2
wapello,17
wapiti,5
wapiti ct garden valley,4
wappapello,46
wappingers falls,259
wapwallopen,12
warba,1
ward,59
warda,3
warden,40
wardensville,28
wardner,7
wardsboro,7
wardsville,1
ware,95
ware shoals,36
wareham,243
waresboro,1
waretown,60
warfield,15
warfordsburg,22
warm,1
warm springs,23
warminster,169
warne,115
warner,22
warner dr cascade,1
warner robins,551
warner springs,47
warners,12
warnerville,1
warr acres,68
warren,1113
warren center,3
warren gore,1
warren twp,113
warrendale,9
warrens,19
warrensburg,270
warrensville,29
warrensville heights,79
warrenton,570
warrenville,229
warrington,135
warrior,146
warrior run,3
warriors mark,14
warroad,26
warsaw,455
warson woods,3
wartburg,39
warthen,8
wartrace,18
warwick,731
wasco,54
wascott,6
waseca,56
washburn,93
washington,8220
washington boro,7
washington court house,54
washington crossing,28
washington grove,6
washington island,33
washington park,1
washington terrace,6
washington township,430
washington twp.,8
washingtonville,35
washoe valley,63
washougal,215
washta,1
washtucna,1
wasilla,184
waskish,9
waskom,24
wasola,5
wassaic,15
wasta,2
wataga,7
watauga,160
watchung,55
water island,1
water mill,105
water rights,1
water valley,40
water view,9
waterboro,27
waterbury,416
waterfall,2
waterflow,7
waterford,471
waterford township,116
waterford village,3
waterford works,31
waterfront,1
waterloo,410
waterman,15
watermill,13
waterport,4
waterproof,1
watersmeet,81
watersound,99
watertown,1069
watertown township,1
waterville,204
waterville valley,13
watervliet,186
watford city,266
watha,4
wathena,6
watkins,18
watkins glen,25
watkinsville,140
watonga,40
watrous,1
watseka,79
watson,9
watsontown,16
watsonville,217
watts,43
wattsburg,12
wattsville,2
waubay,6
waubeck township,1
waubun,12
waucanza saint dietrich,1
waucedah township,2
wauchula,72
waucoma,3
wauconda,127
waukee,387
waukegan,234
waukena,1
waukesha,510
waukomis,19
waukon,23
waumandee,1
waunakee,290
wauneta,2
waupaca,174
waupun,60
waurika,15
wausa,2
wausau,376
wausaukee,67
wausaukee t wi,2
wauseon,32
wautoma,75
wauwatosa,365
wauzeka,11
waveland,173
waverly,643
waverly hall,31
waverly township,7
waves,11
wawaka,4
wawarsing,10
waxahachie,544
waxhaw,263
waycross,175
wayland,151
waymart,28
wayne,594
wayne city,3
wayne county,6
wayne township,59
waynesboro,786
waynesburg,80
waynesfield,5
waynesville,953
waynetown,5
waynoka,19
wayside,3
wayzata,40
wcounty road 85 briggsdale,1
weare,13
wears valley,2
weatherby,2
weatherby lake,8
weatherford,939
weatherly,29
weathersfield,14
weaubleau,5
weaver,51
weaverville,296
webb,4
webb city,69
webb lake,2
webber township,1
webbers falls,9
webberville,9
webberville vlg,1
webbville,5
weber city,3
webster,799
webster city,40
webster groves,51
webster springs,8
weddington,155
wedgefield,19
wedowee,382
weed,232
weedsport,28
weedville,9
weehawken,79
weeki wachee,655
weeksbury,1
weekstown,1
weems,46
weeping water,2
weidman,43
weikert,6
weimar,67
weiner,5
weinert,4
weippe,11
weir,5
weirgor township,1
weirsdale,74
weirton,215
weisenberg township,2
weiser,100
weissport,3
welaka,33
welch,21
welches,21
welcome,16
weld,3
welda,9
weldon,50
weldon spring,22
weldona,5
weleetka,18
welfare,1
wellborn,32
wellesley,156
wellesley island,15
wellfleet,59
wellford,70
welling,9
wellington,843
wellman,16
wells,184
wells ny,1
wells river,1
wellsboro,63
wellsburg,62
wellston,118
wellsville,176
wellton,98
welsh,43
wenatchee,231
wendel,3
wendell,142
wenden,7
wendover,7
wendte,2
wenham,26
wenona,9
wenonah,42
wentworth,30
wentzville,564
weogufka,2
weott,1
wernersville,59
wesco,2
wescosville,1
weskan,1
weslaco,250
wesley,14
wesley chapel,1177
wesleyville,2
wessington springs,5
wesson,34
west,45
west 10th ave,1
west 12th ave,1
west 14th ave,1
west 16th ave,1
west 4230 rd,1
west 8th ave,1
west 9th ave,1
west abington township,2
west alexander,8
west alexandria,10
west allenhurst,8
west allis,421
west alton,1
west amwell,13
west atlantic city,1
west augusta,12
west babylon,120
west baden,3
west baden springs,5
west baraboo,1
west barnstable,40
west bath,3
west belmar,4
west bend,304
west berlin,29
west blocton,16
west bloomfield,8
west bloomfield township,125
west bountiful,9
west boylston,33
west branch,224
west brandywine,1
west bridgewater,42
west brookfield,44
west brooklyn,5
west burlington,35
west caldwell,40
west camp,1
west cape may,17
west carrollton,37
west chatham,1
west chazy,21
west chester,766
west chicago,199
west city,1
west cocoa,4
west collingswood,3
west collingswood heights,1
west columbia,186
west concord,11
west conshohocken,3
west county road 1550 north,1
west covina,304
west coxsackie,3
west creek,33
west decatur,14
west dennis,27
west deptford,45
west des moines,564
west dundee,70
west easton,1
west edmeston,6
west elizabeth,3
west elizabeth ulmens addition pierre,2
west ellicott,1
west end,201
west fairlee,3
west falls,13
west falmouth,21
west fargo,158
west farmington,11
west finley,2
west fork,73
west frankfort,61
west friendship,12
west fulton,1
west gardiner,15
west glacier,7
west green,3
west greenwich,52
west grove,78
west hamlin,8
west harrison,45
west hartford,179
west harwich,18
west haven,228
west haverstraw,2
west hazleton,33
west helena,22
west hempstead,82
west henrietta,35
west hickory,3
west highway 180 gulf shores,1
west highway 329,1
west hills,342
west hollywood,414
west hurley,21
west islip,86
west jefferson,316
west jordan,223
west kill,8
west lafayette,78
west lago loop,1
west lake hills,6
west lakeland,7
west lawn,10
west lebanon,3
west leipsic,1
west leisenring,1
west leyden,10
west liberty,89
west linn,303
west long branch,36
west los angeles,8
west manchester,5
west mansfield,8
west mclean,1
west melbourne,116
west memphis,27
west miami,23
west middlesex,22
west middletown,1
west mifflin,96
west milford,241
west milton,37
west milwaukee,23
west mineral,3
west monroe,290
west nanticoke,3
west new york,102
west newbury,23
west newton,29
west nyack,5
west okoboji,3
west olive,35
west orange,281
west paducah,15
west palm beach,1765
west panama city beach,1
west paris,2
west park,59
west peoria,20
west pittsburg,7
west pittston,33
west plains,239
west point,328
west portsmouth,7
west reading,6
west richland,147
west river,16
west rockhill township,3
west rutland,9
west sacramento,373
west saint paul,144
west salem,76
west sand lake,3
west sayville,6
west seneca,283
west shokan,10
west siloam springs,4
west springfield,157
west stockbridge,27
west sunbury,5
west tawakoni,23
west terre haute,9
west tisbury,30
west toluca lake,2
west union,124
west unity,8
west university place,104
west valley,14
west valley city,194
west van lear,5
west wareham,3
west warwick,272
west wendover,13
west wildwood,9
west windsor,27
west windsor township,2
west winfield,25
west wyoming,13
west yarmouth,128
west yellowstone,15
west york,2
westampton,53
westboro,7
westborough,92
westbrook,46
westbrookville,3
westbury,136
westby,49
westchester,125
westchester county,1
westcliffe,163
westdale,2
westerlo,43
westerly,258
western,1
western grove,24
western springs,84
westernport,20
westernville,8
westerville,183
westfall,1
westfield,849
westfield center,16
westfir,8
westford,115
westgate,4
westhampton,55
westhampton bch,7
westhampton beach,60
westhampton dunes,1
westhaven,3
westhoff,8
westhope,3
westlake,412
westlake village,249
westland,74
westley,2
westmanland,1
westminster,1200
westmont,175
westmore,5
westmoreland,128
westmoreland city,6
westmorland,7
weston,638
weston lakes,11
weston west,1
westover,141
westover hills,2
westphalia,6
westpoint,12
westport,430
westport island,2
wests rd,1
westside,2
westtown,19
westview,13
westville,163
westwego,39
westwood,114
westwood century city,13
westwood hills,3
westworth village,40
wethersfield,81
wetmore,8
wetumka,19
wetumpka,197
wever,9
wewahitchka,220
wewoka,37
wexford,148
weyanoke,1
weyauwega,32
weybridge,2
weyerhaeuser,6
weyers cave,36
weymouth,323
whaleyville,7
wharton,166
what cheer,2
whately,9
whatley,2
wheat ridge,83
wheatfield,51
wheatland,171
wheatley,1
wheatley heights,34
wheaton,528
wheeler,33
wheelersburg,59
wheeling,445
wheelock,4
wheelwright,2
whetstone,2
whigham,3
whipple,8
whispering pines,38
whistler,2
whitakers,14
white,66
white bear lake,170
white bear township,28
white bird,25
white bluff,23
white castle,3
white city,87
white cloud,35
white creek,15
white deer,11
white hall,87
white haven,85
white heath,6
white hills,69
white house,23
white lake,152
white lake township,8
white marsh,21
white mountain lake,12
white oak,63
white oak township,4
white oaks flat road,1
white owl dr lot ashville,1
white pass,6
white pigeon,16
white pine,64
white pine cir billings,1
white pine circle billings,6
white plains,371
white post,15
white river,10
white river township,1
white rock,17
white salmon,50
white settlement,127
white springs,22
white stone,81
white sulphur springs,143
white swan,1
white township,25
whiteface,1
whitefield,19
whitefish,394
whitefish bay,83
whitefish township,1
whiteford,13
whitehall,241
whitehall mt highway 55,1
whitehall village,5
whitehouse,157
whitehouse station,1
whiteland,78
whitelaw,13
whiteoak township,2
whites creek,13
whitesboro,257
whitesburg,85
whiteside,1
whitestone,141
whitestown,182
whitesville,18
whitetail,1
whitethorn,16
whitetop,22
whiteville,145
whitewater,192
whitewater township,7
whitewood,33
whitewright,48
whitharral,1
whiting,187
whitingham,17
whitley city,21
whitleyville,21
whitman,55
whitmer,1
whitmire,5
whitmore,10
whitmore lake,13
whitney,462
whitney point,16
whitneyville,1
whitsett,103
whittaker,1
whittemore,15
whittier,781
whittington,4
whitwell,53
why,1
wi,1
wibaux,4
wichita,1195
wichita county,2
wichita falls,223
wickenburg,201
wickersham,2
wickes,4
wickett,4
wickhaven,1
wickliffe,170
wicksburg,1
wicomico,5
wicomico church,16
wiconisco,3
widener,1
wiergate,5
wiggins,128
wikieup,32
wilber,5
wilbraham,107
wilbur,29
wilbur by the sea,2
wilburn,2
wilburton,33
wilcoe,1
wilcox,4
wilcox county,2
wilcox pa,1
wild rose,25
wild turkey dr unit west plains,1
wild turkey rd unit west plains,8
wild turkey unit west plains,2
wildberger rd sturgis,25
wildberger road sturgis,24
wildcat rd,1
wilder,151
wildersville,7
wilderville,11
wildomar,274
wildorado,6
wildrose,3
wildwood,700
wildwood crest,132
wildwood way,1
wiley,12
wiley ford,2
wileyville,1
wilhoit,3
wilkes barre,261
wilkes barre township,8
wilkesboro,146
wilkeson,8
wilkesville,2
wilkinson,7
willacoochee,1
willamina,37
willard,177
willards,13
willcox,141
willernie,7
willet,5
williambridge,1
williams,436
williams bay,62
williams township,11
williamsburg,1438
williamsburg township,16
williamsfield,16
williamson,120
williamsport,166
williamston,210
williamstown,546
williamsville,288
williford,14
willingboro,250
willington,22
willis,888
willis wharf,1
willisburg,71
williston,725
williston park,16
willisville,4
willits,183
willmar,157
willoughby,210
willoughby hills,42
willow,71
willow beach,1
willow city,13
willow creek,26
willow grove,69
willow hill,3
willow lake,2
willow park,47
willow river,2
willow saint,1
willow spring,53
willow springs,86
willow street,27
willow wood,1
willowbrook,94
willowick,140
willows,57
wills point,82
willsboro,25
willseyville,7
willshire,2
wilmar,2
wilmer,56
wilmerding,34
wilmette,206
wilmington,3839
wilmore,35
wilmot,26
wilsall,11
wilsey,2
wilseyville,14
wilson,420
wilson creek,12
wilson township,1
wilsons,12
wilsons mills,1
wilsonville,366
wilton,374
wilton manors,119
wimauma,476
wimberley,83
wimbledon,1
winamac,40
winburne,1
winchendon,78
winchester,1864
winchester bay,1
winchester presque isle,1
winchester township,4
winchester05 06 21,1
wind gap,19
wind lake,14
wind point,7
wind ridge,2
windber,54
windcrest,18
winder,473
windermere,345
windfall,1
windham,237
windmill drive spearfish,1
windom,61
windsor,1236
windsor heights,52
windsor hills,7
windsor locks,35
windsor mill,56
windsor township,1
windthorst,1
windyville,6
winfall,1
winfield,397
wing,3
wingate,50
wingdale,28
winger,1
wingett run,1
wingina,16
wingo,5
winhall,31
winifred,3
winifrede,1
wink,5
winkelman,6
winlock,111
winn,8
winnabow,52
winnebago,34
winneconne,38
winnemucca,378
winner,18
winnetka,346
winnett,10
winnfield,19
winnie,76
winnsboro,192
winona,244
winona lake,4
winooski,6
winside,3
winslow,133
winslow township,2
winslow west,1
winsor township,1
winsted,22
winston,144
winston salem,2329
winstonville,1
winter,36
winter garden,937
winter harbor,5
winter haven,1104
winter park,476
winter springs,168
winter trl breezy point,1
wintergreen,53
wintergreen resort,116
winterhaven,10
winterport,11
winters,84
winterset,104
wintersville,67
winterville,392
winterville plt,4
winthrop,168
winthrop harbor,51
winton,68
wiota,1
wirt,3
wirtz,106
wiscasset,23
wisconsin dells,217
wisconsin rapids,270
wisdom,8
wise,41
wise river,6
wise township,2
wishek,4
wishon,4
wishram,8
wisner,33
wisner township,1
wister,40
withee,4
witherbee,2
witt,3
witten,2
wittenberg,29
wittensville,5
witter,7
witter springs,1
wittman,8
wittmann,181
witts springs,4
wixom,19
woburn,199
woden,5
wofford heights,83
wolcott,99
wolcottville,12
wolf creek,45
wolf lake,1
wolf point,8
wolfcreek,2
wolfe city,45
wolfeboro,21
wolfforth,85
wolsey,4
wolverine,43
wolverine lake,6
wolverton,1
womelsdorf,35
wonder lake,277
wonder valley,5
wonewoc,6
wood,2
wood creek rd,1
wood dale,83
wood heights,3
wood lake,2
wood ridge,18
wood river,124
wood river township,2
wood village,15
woodacre,19
woodbend ct,1
woodbine,210
woodbourne,8
woodbranch,14
woodbridge,1500
woodbridge proper,106
woodburn,209
woodbury,1026
woodbury heights,21
woodcliff lake,17
woodcrest,5
woodfin,17
woodford,38
woodfords,8
woodgate,7
woodhaven,130
woodhull,33
woodinville,240
woodlake,38
woodland,550
woodland hills,599
woodland park,115
woodlawn,74
woodleaf,27
woodloch,5
woodlyn,25
woodlynne,3
woodman,2
woodmere,69
woodridge,187
woodrow,1
woodrow township,1
woodruff,293
woods cross,18
woods hole,3
woods landing,1
woodsboro,38
woodsburgh,5
woodsfield,20
woodside,264
woodson,11
woodson terrace,3
woodst,1
woodstock,1369
woodstock township,2
woodston,1
woodstown,52
woodville,225
woodward,169
woodway,100
woodworth,18
woody,4
woody creek,4
wooldridge,3
woolford,10
woollum,5
woolrich,2
woolwich,16
woolwich township,23
woolwine,22
woonsocket,348
wooster,121
woosung,1
worcester,920
worden,28
workman,4
worland,34
worley,23
wormleysburg,4
worth,49
worth township,6
wortham,19
worthing,17
worthington,190
worthville,18
worton,32
wrangell,18
wray,17
wrens,17
wrenshall,7
wrentham,69
wright,49
wright city,101
wrightsboro,1
wrightstown,122
wrightsville,64
wrightsville beach,43
wrightwood,133
wurtland,3
wurtsboro,77
wv 25261,1
wy unit pm 5 78,1
wy unit pm 5 910,1
wyaconda,2
wyalusing,17
wyandanch,42
wyandotte,72
wyanet,10
wyano,1
wyarno,1
wyatt,2
wyckoff,52
wycombe,1
wye,1
wye mills,8
wyeville,1
wykoff,4
wylie,417
wylliesburg,1
wyman township,1
wymore,3
wynantskill,25
wyncote,30
wyndmere,2
wyndmoor,14
wynne,41
wynnewood,122
wynot,3
wyocena,2
wyoming,256
wyomissing,48
wysox,9
wytheville,104
x bypass rd raceland,2
xenia,97
xenia township,14
y,1
yaak,15
yabucoa,18
yachats,38
yacolt,60
yadkinville,71
yakima,354
yakutat,2
yalaha,25
yale,48
yamhill,41
yampa,6
yancey,3
yanceyville,55
yankee hill,5
yankee lake,1
yankeetown,21
yankton,67
yantis,74
yanush,1
yaphank,23
yardley,187
yarmouth,70
yarmouth port,84
yarnell,39
yarrow point,9
yatahey,3
yates center,17
yates city,4
yates township,6
yatesville,7
yauco,18
yazoo city,41
yeaddiss,1
yeadon,13
yeagertown,4
yellow jacket,7
yellow spring,7
yellow springs,5
yellville,134
yelm,454
yemassee,32
yerington,170
yerkes,1
yermo,28
yes,1
yettem,1
yigo,56
yoakum,59
yoder,35
yoe,5
yolo,4
yona,26
yoncalla,14
yonges island,1
yonkers,382
yorba linda,304
york,1957
york haven,44
york new salem,1
york springs,21
york township,8
yorkshire,3
yorktown,209
yorktown heights,57
yorkville,506
yosemite,9
yosemite national park,4
yosemite west,2
young,26
young america,2
young harris,251
youngsport,1
youngstown,991
youngsville,457
youngtown,47
youngwood,10
yountville,10
ypsilanti,315
yreka,113
yuba city,514
yucaipa,506
yucatan township,1
yucca,221
yucca valley,525
yucca vista 2 5 acres,1
yukon,1380
yulan,12
yulee,520
yuma,1334
yutan,3
zachary,248
zalma,7
zamora,1
zanesfield,15
zanesville,384
zap,1
zapata,80
zavalla,33
zearing,4
zebulon,197
zeeland,82
zeigler,8
zelienople,48
zellwood,63
zena,1
zenda,1
zenia,12
zeph,1
zephyr,17
zephyr cove,43
zephyrhills,1103
zieglerville,4
zillah,10
zilwaukee,1
zim,7
zimmerman,122
zinc,1
zion,121
zion crossroads,61
zion grove,13
zion mountain,3
zionsville,135
zionville,62
zirconia,108
zoar,5
zoarville,1
zoe,1
zolfo springs,62
zortman,1
zumbro falls,13
zumbrota,34
zuni,2
zwingle,2
zwolle,63
